seq_index;sequence
0;AGCAACATGAGCCCTGAAGACAGCAGCATATATCTCTGCAGCGTTGTAGTGTTGAGGGGACGGACCGGGGAGCTGTTTTTTGGAGAA
1;CTCAGGCTGGAGTTGGCTGCTCCCTCCCAGACATCTGTGTACTTCTGTGCCAGCAGTTACGGGGGAGCCGGCTACACCTTCGGTTCG
2;AGTTCTAAGAAGCTCCTTCTCAGTGACTCTGGCTTCTATCTCTGTGCCTGGAGCGCCGGACAGAACTATGGCTACACCTTCGGTTCG
3;ACAGAGCGGGGGGACTCAGCCGTGTATCTCTGTGCCAGCAGCTCTGGGGCTAGCGGGGCCGCGAGAGAGACCCAGTACTTCGGGCCA
4;ACCAGTGCCCATCCTGAAGACAGCAGCTTCTACATCTGCAGTGCTAGAGGCGGCAGGGCAAACACCGGGGAGCTGTTTTTTGGAGAA
5;ACGATCCAGCGCACACAGCAGGAGGACTCGGCCGTGTATCTCTGTGCCAGCAGCTTCACAAACCAAGAGACCCAGTACTTCGGGCCA
6;GTGAACGCCTTGTTGCTAGGGGACTCGGCCCTCTATCTCTGTGCCAGCAGCCCGGGGATCTATAATTCACCCCTCCACTTTGGGAAC
7;CGCACACAGCAGGAGGACTCCGCCGTGTATCTCTGTGCCAGCAGCTTACGAGGGGGAGGCAGCAATCAGCCCCAGCATTTTGGTGAT
8;ACGATTCAGCGCACAGAGCAGCGGGACTCAGCCATGTATCGCTGTGCTAGCAGCGTGACGAACACCGGGGAGCTGTTTTTTGGAGAA
9;CTGAAGATCCGGTCCACAAAGCTGGAGGACTCAGCCATGTACTTCTGTGCCAGCAGGGGGCAGGTAGAGACCCAGTACTTCGGGCCA
10;CTGATTCTGGAGTCCGCCAGCACCAACCAGACATCTATGTACCTCTGTGCCAGCAGTTTACGTGGGCTGACGGTTGGATTTGGACAA
11;CTAAACCTGAGCTCTCTGGAGCTGGGGGACTCAGCTTTGTATTTCTGTGCCAGCAGCGAGGGGCTTGGTGGCTACACCTTCGGTTCG
12;TTGGAGTCGGCTGCTCCCTCCCAAACATCTGTGTACTTCTGTGCCAGCAGTTCACAGGGGGCAGGGCAGCCCCAGCATTTTGGTGAT
13;GTGAACGCCTTGGAGCTGGAGGACTCGGCCCTGTATCTCTGTGCCGTCGAAGCGCTCCGGGGGAATGAAAAACTGTTTTTTGGCAGT
14;AGCACCTTGGAGCTGGGGGACTCGGCCCTTTATCTTTGCGCCAGCAGCTTTGACAGGGCTGGGGCCAACGTCCTGACTTTCGGGGCC
15;ATCCAGCGCACACAGCAGGAGGACTCCGCCGTGTATCTCTGTGCCAGCAGCTTAGTCGTGGCATACACTGAAGCTTTCTTTGGACAA
16;ATCCAGCCCTCAGAACCCAGGGACTCAGCTGTGTATTTTTGTGCTAGTGGTTTGGTACAGGGGAACACTGAAGCTTTCTTTGGACAA
17;TCCCTAGAGTCTGCCATCCCCAACCAGACAGCTCTTTACTTCTGTGCCACCAGTGAACCGAACACCGGGGAGCTGTTTTTTGGAGAA
18;CTGGGGTTGGAGTCGGCTGCTCCCTCCCAAACATCTGTGTACTTCTGTGCCAGCAGTTTTTCCGGGACTAGCCCGTTCTTCGGGCCA
19;GCCCAAAAGAACCCGACAGCTTTCTATCTCTGTGCCAGTAGTATACGGCACAGGGGTGATAGCAATCAGCCCCAGCATTTTGGTGAT
20;CTCAGGCTGGAGTCGGCTGCTCCCTCCCAGACATCTGTGTACTTCTGTGCCAGCACCTTTCCCCAAGGTACGCAGTATTTTGGCCCA
21;GAGCTTGGTGACTCTGCTGTGTATTTCTGTGCCAGCAGCCCTTCGGGTCGCACGAGCTCCTATAATTCACCCCTCCACTTTGGGAAC
22;CTGAGCTCTCTGGAGCTGGGGGACTCAGCTTTGTATTTCTGTGCCAGCAGCCCGGGACAGCCTAATTCACCCCTCCACTTTGGGAAC
23;ATTCTGGAGTCCGCCAGCACCAACCAGACATCTATGTACCTCTGTGCCAGCAGTACGGTGAGGGACTATGGCTACACCTTCGGTTCG
24;CCTGCAGAACTGGAGGATTCTGGAGTTTATTTCTGTGCCAGCAGCCAAGGGCAGGACCTTAGGGATTCACCCCTCCACTTTGGGAAC
25;AAGATCCAGCCCTCAGAACCCAGGGACTCAGCTGTGTATTTTTGTGCTAGTGCCGTAGCGAGTGGATCTGAGCAGTTCTTCGGGCCA
26;ATCCAGCCCTCAGAACCCAGGGACTCAGCTGTGTACTTCTGTGCCAGCAGTTTTACCCTGCGGAACTATGGCTACACCTTCGGTTCG
27;TTGGAGTCGGCTGCTCCCTCCCAAACATCTGTGTACTTCTGTGCCAGCAGTTCACAGGGGGCAGGACAGCCCCAGCATTTTGGTGAT
28;CTGAAGATCCGGTCCACAAAGCTGGAGGACTCAGCCATGTACTTCTGTGCCAGCCGGGTTTTTGAAAACACCATATATTTTGGAGAG
29;CAGCGCACACAGCAGGAGGACTCGGCCGTGTATCTCTGTGCCAGCAGCCAAGGGGCACAAATTTACAATGAGCAGTTCTTCGGGCCA
30;GTAGTGCGAGGAGATTCGGCAGCTTATTTCTGTGCCAGCTCACCGCGATCTTTAGGTAGAGGCACCGGGGAGCTGTTTTTTGGAGAA
31;AGGCTGCTGTCGGCTGCTCCCTCCCAGACATCTGTGTACTTCTGTGCCAGCAGACGACAGGGGGACTATGGCTACACCTTCGGTTCG
32;AGCTCTCTGGAGCTGGGGGACTCAGCTTTGTATTTCTGTGCCAGCAGCGTAGGGGCCGGGGGGCACACTGAAGCTTTCTTTGGACAA
33;TCTAAGAAGCTCCTTCTCAGTGACTCTGGCTTCTATCTCTGTGCCTGGAGTTCGGGGCGTAGGGATCAGCCCCAGCATTTTGGTGAT
34;AGGCTGCTGTCGGCTGCTCCCTCCCAGACATCTGTGTACTTCTGTGCCAGCAGTTACCAAAACACAGATACGCAGTATTTTGGCCCA
35;GTGAACGCCTTGGAGCTGGACGACTCGGCCCTGTATCTCTGTGCCAGCAGCTTGGGCAGGGGTGATTCACCCCTCCACTTTGGGAAC
36;AATGTGAACGCCTTGGAGCTGGACGACTCGGCCCTGTATCTCTGTGCCAGCAGCGCAACTGTTGCCGGGGAGCTGTTTTTTGGAGAA
37;ATCCGGTCCACAAAGCTGGAGGACTCAGCCATGTACTTCTGTGCCAGCACCCAGAGGTGGAATGCTCATCCCCAGCATTTTGGTGAT
38;CTGACGATCCAGCGCACACAGCAGGAGGACTCGGCCGTGTATCTCTGTGCCAGCAGCTTAATTTCAAACACCATATATTTTGGAGAG
39;ACAGTGACCAGTGCCCATCCTGAAGACAGCAGCTTCTACATCTGCAGTGCTAGGCAGCCCCCCTACAATGAGCAGTTCTTCGGGCCA
40;ATTCTGGAGTCCGCCAGCACCAACCAGACATCTATGTACCTCTGTGCCAGCAGTCCCCGGGGCATACAAGAAGCTTTCTTTGGACAA
41;AACGCCTTGTTGCTGGGGGACTCGGCCCTGTATCTCTGTGCCAGCAGCCCGGGGACGGATGGGTATATCGAAGCTTTCTTTGGACAA
42;CTGGAGTCCGCTACCAGCTCCCAGACATCTGTGTACTTCTGTGCCATCAGTAAACAGGGGCTTGAATCACCCCTCCACTTTGGGAAC
43;CAGCGCACAGAGCGGGGGGACTCAGCCGTGTATCTCTGTGCCAGCAGCTCCCAAGGAGCGGGGGGTGAGACCCAGTACTTCGGGCCA
44;AACCTGAGCTCTCTGGAGCTGGGGGACTCAGCTTTGTATTTCTGTGCCAGCAGCGTAGGCAGCTCCTACGAGCAGTACTTCGGGCCG
45;GTGAACGCCTTGGAGCTGGAGGACTCGGCCCTGTATCTCTGTGCCAGCAGCGTGGGACACGCTAACTATGGCTACACCTTCGGTTCG
46;TCTAAGAAGCTCCTTCTCAGTGACTCTGGCTTCTATCTCTGTGCCTGGAGTGTTAGTGGGTTCAATCAGCCCCAGCATTTTGGTGAT
47;AGTTCTAAGAAGCTCCTTCTCAGTGACTCTGGCTTCTATCTCTGTGCCTGGAGTAAGGACAGGTATTCACCCCTCCACTTTGGGAAC
48;ATCCAGCCTGCAGAGCTTGGGGACTCGGCCGTGTATCTCTGTGCCAGCAGCCCGACTAGCGCGACAGATACGCAGTATTTTGGCCCA
49;ATCCGGTCCACAAAGCTGGAGGACTCAGCCATGTACTTCTGTGCCAGCAGTGAGTTGCGGGGCACTGAGACCCAGTACTTCGGGCCA
50;AGTGCCCATCCTGAAGACAGCAGCTTCTACATCTGCAGTGCCCCGACTAGCGGGGGGGCCTCGACAGATACGCAGTATTTTGGCCCA
51;GCCCAAAAGAACCCGACAGCTTTCTATCTCTGTGCCAGTAGTACACGGTTCCAGGGGGTCGGCTCTTTCCAGCAGTACTTCGGGCCG
52;TTGGAGCTGGACGACTCGGCCCTGTATCTCTGTGCCAGCAGCTTTTATCTGAAGTGCGGGGGCCGAGAGACCCAGTACTTCGGGCCA
53;GCCTTGTTGCTGGGGGACTCGGCCCTCTATCTCTGTGCCAGCAGCTTACTGGGACAGGGGTCGGGCACTGAAGCTTTCTTTGGACAA
54;CTCAAGATCCAGCCTGCAAAGCTTGAGGACTCGGCCGTGTATCTCTGTGCCAGCAGCGCACCCACTCCGGAGCAGTACTTCGGGCCG
55;CTGGAGTCTGCCAGGCCCTCACATACCTCTCAGTACCTCTGTGCCAGCAGTTCATATGGGACAGACTATGGCTACACCTTCGGTTCG
56;TCGGCTGCTCCCTCCCAAACATCTGTGTACTTCTGTGCCAGCAGCCTTACCCCAGCGGGGGTCTCCTACGAGCAGTACTTCGGGCCG
57;GTGACCAGTGCCCATCCTGAAGACAGCAGCTTCTACATCTGCAGTGCTAGAGATGGCGCAGCCCGCTATGGCTACACCTTCGGTTCG
58;CAGCGCACAGAGCAGGGGGACTCGGCCATGTATCTCTGTGCCAGCAGCCGAGCGGAAGCGAGGGAAGGCGAGCAGTACTTCGGGCCG
59;ACGGAGTCAGGGGACACAGCACTGTATTTCTGTGCCAGCAGCTCCCCGAGGCTCGGGATCCTAAATCAGCCCCAGCATTTTGGTGAT
60;GTGAGCAACATGAGCCCTGAAGACAGCAGCATATATCTCTGCAGCGTGGGCCGGGACATCGGCATTTTGGGCTACACCTTCGGTTCG
61;TTGGAGTCGGCTGCTCCCTCCCAAACATCTGTGTACTTCTGTGCCAGCAACCAACAGGGGGCGGGCACTGAAGCTTTCTTTGGACAA
62;CTGAAGATCCGGTCCACAAAGCTGGAGGACTCAGCCATGTACTTCTGTGCCAGCGGACGGATTAATGAAAAACTGTTTTTTGGCAGT
63;AGGCTGGAGTCGGCTGCTCCCTCCCAGACATCTGTGTACTTCTGTGCCAGCACGTTTACATTCAATCAGCCCCAGCATTTTGGTGAT
64;TCGCCCAGCCCCAACCAGACCTCTCTGTACTTCTGTGCCAGCAGCCCGGTAGGGACTAGCAATCTCTACGAGCAGTACTTCGGGCCG
65;AGTGCCTTGGAGCTGGGGGACTCGGCCCTGTATCTCTGTGCCAGAAGCCCGACGGACCGGGGAACCTATGGCTACACCTTCGGTTCG
66;CAGACCTCTCTGTACTTCTGTGCCAGCAGTTTATACGGGGGGCTCTCAAACCAGGTAGCGGGCAATCAGCCCCAGCATTTTGGTGAT
67;AAGAAGCTCCTTCTCAGTGACTCTGGCTTCTATCTCTGTGCCTGGAGTGACCTAACAGGGTCTAATGAAAAACTGTTTTTTGGCAGT
68;CAGCAGGTAGTGCGAGGAGATTCGGCAGCTTATTTCTGTGCCAGCTCACCAGGATACGGGGGGGCCTACGAGCAGTACTTCGGGCCG
69;CAGCGCACACAGCAGGAGGACTCGGCCGTGTATCTCTGTGCCAGCAGCTTCGACAGGGGTTTAACCGGGGAGCTGTTTTTTGGAGAA
70;CAGCCAGAAGACTCAGCCCTGTATCTCTGCGCCAGCAGCCAAGAGGGCGTGTGGGCTGGCATAAATTCACCCCTCCACTTTGGGAAC
71;CTGCAGCCAGAAGACTCAGCCCTGTATCTCTGCGCCAGCAGCCTTACGGCGCTAAACTTCGGCGGCACTGAAGCTTTCTTTGGACAA
72;GTGACATCGGCCCAAAAGAACCCGACAGCTTTCTATCTCTGTGCCAGTAGTGGGGGACTGATGAACACTGAAGCTTTCTTTGGACAA
73;CTGATTCTGGAGTCCGCCAGCACCAACCAGACATCTATGTACCTCTGTGCCAGCAATGAGATGGGCTACGAGCAGTACTTCGGGCCG
74;GCCTTGTTGCTGGGGGACTCGGCCCTCTATCTCTGTGCCAGCAGCTTGGGATCCGCGGGTCCTAATTCACCCCTCCACTTTGGGAAC
75;TTGGAGGCGGCTGCTCCCTCCCAAACATCTGTGTACTTCTGTGCCAGCAGTTCACAGGGGGCAGGGCAGCCCCAGCATTTTGGTGAT
76;AACATGAGCCCTGAAGACAGCAGCATATATCTCTGCAGCGCCACGGCCATGACTAGCGGGGAGGCCGGGGAGCTGTTTTTTGGAGAA
77;ACACAGCAGGAGGACTCGGCCGTGTATCTCTGTGCCAGCAGCTTAGGGGGACAGGGGTCACAAAAAGAGACCCAGTACTTCGGGCCA
78;ACCAGTGCCCATCCTGAAGACAGCAGCTTCTACATCTGCAGTGCTAGATTCGGACAGGGGATTGACTACGAGCAGTACTTCGGGCCG
79;GTGGAGTCGGCTGCTCCCTCCCAAACATCTGTGTACTTCTGTGCCAGCAGTTCACAGGGGGCAGGGCAGCCCCAGCATTTTGGTGAT
80;CTGACAGTGACCAGTGCCCATCCTGAAGACAGCAGCTTCTACATCTGCAGTGCCGGACAGGGCAATCAGCCCCAGCATTTTGGTGAT
81;ATTCTGGAGTCCGCCAGCACCAACCAGACATCTATGTACCTCTGTGCCAGCAGTTTAGAGGACTCTTTGCCCCAGCATTTTGGTGAT
82;GTGACCAGTGCCCATCCTGAAGACAGCAGCTTCTACATCTGCAGTGCTACCGCCGGGACAGTAAACTATGGCTACACCTTCGGTTCG
83;GTGACCAGTGCCCATCCTGAAGACAGCAGCTTCTACATCTGCAGTGCTAGAGAGGGGGGCAGCAATCAGCCCCAGCATTTTGGTGAT
84;CCTCTCACTGTGACATCGGCCCAAAAGAACCCGACAGCTTTCTATCTCTGTGCCAGTAGTATCACCGGGGAGCTGTTTTTTGGAGAA
85;CGCACACAGCAGGAGGACTCCGCCGTGTATCTCTGTGCCAGCAGCAGTCCCGGGACATTTCGGGGCTATGGCTACACCTTCGGTTCG
86;CAGCCTGCAGAGCTTGGGGACTCGGCCATGTATCTCTGTGCCAGCAGCTTAGGATTGGGGGCATGGGAGACCCAGTACTTCGGGCCA
87;GAGTCCGCCAGCACCAACCAGACATCTATGTACCTCTGTGCCAGCAGACCACAGGGGAAAAGGGCCTATGGCTACACCTTCGGTTCG
88;GTGAACGCCTTGTTGCTGGGGGACTCGGCCCTGTATCTCTGTGCCAGCAGCGGTGACCGAAACACCAATGGCTACACCTTCGGTTCG
89;GTGACCAGTGCCCATCCTGAAGACAGCAGCTTCTACATCTGCAGTGCTAGAGCTAAGCAATGGAATTCACCCCTCCACTTTGGGAAC
90;ACGATCCAGCGCACACAGCAGGAGGACTCGGCCGTGTATCTCTGTGCCAGCAGCCCGCAGGGGAACTATGGCTACACCTTCGGTTCG
91;CTGGGGGACGCAGCCATGTACCTGTGTGCCACCAGCAGAGGAGGGGGACAGCCATACCTAGGCAATCAGCCCCAGCATTTTGGTGAT
92;CGCACACAGCAGGAGGACTCCGCCGTGTATCTCTGTGCCAGCAGCTTAGCATGGCTAGCGGACACCGATGAGCAGTTCTTCGGGCCA
93;GACCTCCCCCTCACTCTGTAGTCTGCTGCCTCCTCCCAGACATCTGTATATTTCTGCCCCATTGAGCACGAGCAGTACTTCGGGCCG
94;AGCCCTGAAGACAGCAGCATATATCTCTGCAGCGTTCGACAGGGTGGGAGGTACCTCTCTGGGGCCAACGTCCTGACTTTCGGGGCC
95;ACCAGTGCCCATCCTGAAGACAGCAGCTTCTACATCTGCAGTGCCCAAGACAGGGGAGGTGGGCAAGAGACCCAGTACTTCGGGCCA
96;GAGTCGGCTGCTCCCTCCCAAACATCTGTGTACTTCTGTGCCAGCAGTTACTCATCGGGAGCACCTTATGGCTACACCTTCGGTTCG
97;AGGCTGCTGTCGGCTGCTCCCTCCCAGACATCTGTGTACTTCTGTGCCAGCAGTTACTCGACCCTTGGGGGCTACACCTTCGGTTCG
98;GTGACCAGTGCCCATCCTGAAGACAGCAGCTTCTACATCTGCAGTGCCCCGGACAGGCGCAACCCACGAATTCTCCACTTTGGGAAC
99;AGGCTGCTGTCGGCTGCTCCCTCCCAGACATCTGTGTACTTCTGTGCCAGCAGTTACTGGAAAAATCAGCCCCAGCATTTTGGTGAT
100;CCTGCAGAGCTTGGGGACTCGGCCATGTATCTCTGTGCCAGCAGCGGACAGGGTGACGTGGTGAACTACGAGCAGTACTTCGGGCCG
101;AACGCCTTGTTGCTAGGGGACTCGGCCCTCTATCTCTGTGCCAGCAGCTTGCCTAGGACGACTGGAAACACCATATATTTTGGAGAG
102;AACGCCTTGTTGCTGGGGGACTCGGCCCTCTATCTCTGTGCCAGCAGCTCGACCCGACAATCTGAACTTGAGCAGTTCTTCGGGCCA
103;CTGGAGTCCGCTACCAGCTCCCAGACATCTGTGTACTTCTGTGCCATCAGTGGGGGACAGGGACTCTATGGCTACACCTTCGGTTCG
104;GCTCCCTCCCAGACATCTGTGTACTTCTGTGCCAGCAGTTACTCGAATATAGCGGGGCGGTCCTACAATGAGCAGTTCTTCGGGCCA
105;AGGCTGGAGTCGGCTGCTCCCTCCCAGACATCTGTGTACTTCTGTGCCAGCCGTAGGGGCGACACCGGGGAGCTGTTTTTTGGAGAA
106;CAGCGCACACAGCAGGAGGACTCCGCCGTGTATCTCTGTGCCAGCAGTAAGCGGGGCAGTAACACCGGGGAGCTGTTTTTTGGAGAA
107;TCCGCCAGCACCAACCAGACATCTATGTACCTCTGTGCCAGCAGTTTATCGATCGACAGGGCCACAGATACGCAGTATTTTGGCCCA
108;TTGGCTGCTCCCTCCCAGACATCTGTGTACTTCTGTGCCAGCAGTCAGACTGGTGGGGGTTGGACCGGGGAGCTGTTTTTTGGAGAA
109;ATCAATTCCCTGGAGCTTGGTGACTCTGCTGTGTATTTCTGTGCCAGCAGTCCATGGACAGGGGCTAGCGAGCAGTACTTCGGGCCG
110;CAGCGCACACAGCAGGAGGACTCCGCCGTGTATCTCTGTGCCAGCAGCTTGAGGTCCAGCGAAAACACTGAAGCTTTCTTTGGACAA
111;CTGCTGTCGGCTGCTCCCTCCCAGACATCTGTGTACTTCTGTGCCAGCAGTTATTCGCAGGGGATTCAGCCCCAGCATTTTGGTGAT
112;GCGCCCAGCCCCAACCAGACCTCTCTGTACTTCTGTGCCAGCAGTTACTATCGGTGGGGGCCCAACACTGAAGCTTTCTTTGGACAA
113;TCGGCTGCTCCCTCCCAAACATCTGTGTACTTCTGTGCCAGCAGTGCCCCTAGTGGGTTTAGGGTTCAGCCCCAGCATTTTGGTGAT
114;TTGGAGGCGGCTGCTCCCTCCCAAACATCTGTGTACTTCTGTGCCAGCAGTTCACAGGGGGCAGGACAGCCCCAGCATTTTGGTGAT
115;CTCACTGTGACATCGGCCCAAAAGAACCCGACAGCTTTCTATCTCTGTGCCAGTAGTATAGCAAGCAATGAGCAGTTCTTCGGGCCA
116;CAGCGCACACAGCAGGAGGACTCGGCCGTGTATCTCTGTGCCAGCAGCTCCTGGGGGAGCTCCTACAATGAGCAGTTCTTCGGGCCA
117;CTGAAGATCCGGTCCACAAAGCTGGAGGACTCAGCCATGTACTTCTGTGCCACGGGCCGCACGGAGGAAAAACTGTTTTTTGGCAGT
118;GAGTCGGCTGCTCCCTCCCAAACATCTGTGTACTTCTGTGCCAGCAGTTACTCGCAGAAGCTCCAAGAGACCCAGTACTTCGGGCCA
119;GTGAACGCCTTGGAGCTGGACGACTCGGCCCTGTATCTCTGTGCCAGCAGCCCGGTCGGGGGCCTGGAGACCCAGTACTTCGGGCCA
120;AACGCCTTGGAGCTGGAGGACTCGGCCCTGTATCTCTGTGCCAGCGATCACCCGGGATTTCTCACCGGGGAGCTGTTTTTTGGAGAA
121;ATCCGGTCCACAAAGCTGGAGGACTCAGCCATGTACTTCTGTGCCAGCAGGTTTGGCGGGGCCGATTCACCCCTCCACTTTGGGAAC
122;AACGCCTTGGAGCTGGACGACTCGGCCCTGTATCTCTGTGCCAGCAGCCGGGGACTAGCGGCGTACAATGAGCAGTTCTTCGGGCCA
123;GTGGAGTCGGCTGCTCCCTCCCAAACATCTGTGTACTTCTGTGCCAGCAGTTCACAGGGGGCAGGACAGCCCCAGCATTTTGGTGAT
124;ACATCGGCCCAAAAGAACCCGACAGCTTTCTATCTCTGTGCCAGTAGTACGGGCATGGCGGGCAATCAGCCCCAGCATTTTGGTGAT
125;CTGATTCTGGAGTCCGCCAGCACCAACCAGACATCTATGTACCTCTGTGCCAGCACCTTAAATACCGGTTCAGCTTTCTTTGGACAA
126;ATCCAGCCTGCAAAGCTTGAGGACTCGGCCGTGTATCTCTGTGCCAGCAGCCTCGGCGGGGGTGGTTATGGCTACACCTTCGGTTCG
127;ACTGTGACATCGGCCCAAAAGAACCCGACAGCTTTCTATCTCTGTGCCAGTAGAGACAGGGAGGACTATGGCTACACCTTCGGTTCG
128;TCTAAGAAGCTCCTTCTCAGTGACTCTGGCTTCTATCTCTGTGCCTGGAGTGTAAGGCAGGCTTACACTGAAGCTTTCTTTGGACAA
129;CGCACACAGCAGGAGGACTCCGCCGTGTATCTCTGTGCCAGCAGCTTACGCGGGACAGGGGTGAACACTGAAGCTTTCTTTGGACAA
130;CTGACGATCCAGCGCACACAGCAGGAGGACTCGGCCGTGTATCTCTGTGCCAGCAGCCAAAGGGGAAACACCATATATTTTGGAGAG
131;AATTCCCTGGAGCTTGGTGACTCTGCTGTGTATTTCTGTGCCAGCAGCGGCCGGACAGGGAGGGGAGAGACCCAGTACTTCGGGCCA
132;ACAGTGACCAGTGCCCATCCTGAAGACAGCAGCTTCTACATCTGCAGTGCTAGTTTACTAGTCACAGATACGCAGTATTTTGGCCCA
133;ATCCTGGAGTCGCCCAGCCCCAACCAGACCTCTCTGTACTTCTGTGCCAGCAAACGACAAGCCAATCAGCCCCAGCATTTTGGTGAT
134;CGCACAGAGCAGCGGGACTCGGCCATGTATCGCTGTGCCAGCAGCCCAGACATAGGGTATATGAACACTGAAGCTTTCTTTGGACAA
135;CTGAGTTCTAAGAAGCTCCTTCTCAGTGACTCTGGCTTCTATCTCTGTGCCTGGAGTGCAGGGGCAACTGAAGCTTTCTTTGGACAA
136;ATCCAGCGCACAGAGCAGCGGGACTCGGCCATGTATCGCTGTGCCAGCAGACAGGGGGCGAATTCCTACGAGCAGTACTTCGGGCCG
137;AGGCTGGAGTCGGCTGCTCCCTCCCAGACATCTGTGTACTTCTGTGCCAGCGTCTGGACGGAAAGCTACGAGCAGTACTTCGGGCCG
138;CTGAAGATCCGGTCCACAAAGCTGGAGGACTCAGCCATGTACTTCTGTGCCAGCCTTTGGATGCGGACCGAAGCTTTCTTTGGACAA
139;GTGACATCGGCCCAAAAGAACCCGACAGCTTTCTATCTCTGTGCCAGTAGTATCCGCACAGGGAAACATGGCTACACCTTCGGTTCG
140;CTGGAGTTGGCTGCTCCCTCCCAGACATCTGTGTACTTCTGTGCCAGCAGGACAGGGGAATTCACAGATACGCAGTATTTTGGCCCA
141;ACCAGTGCCCATCCTGAAGACAGCAGCTTCTACATCTGCAGTGCTAGGGACCTTCTAGGGGATAATTCACCCCTCCACTTTGGGAAC
142;CAGCAGGTAGTGCGAGGAGATTCGGCAGCTTATTTCTGTGCCAGCTCACCCACACAGGTCTCTGGAAACACCATATATTTTGGAGAG
143;ACAGTGACCAGTGCCCATCCTGAAGACAGCAGCTTCTACATCTGCAGTGCTAGATACCGTGGGGGCACTGAAGCTTTCTTTGGACAA
144;ATCCAGCCTGCAAAGCTTGAGGACTCGGCCGTGTATCTCTGTGCCAGCAGCTCGCAACAGGGGGCCTATGGCTACACCTTCGGTTCG
145;GAGTCGGCTGCTCCCTCCCAGACATCTGTGTACTTCTGTGCCAGCAGTGTCGGCAGCAGGGTGGGGGAGCCCCAGCATTTTGGTGAT
146;CTGGGGTTGGAGTCGGCTGCTCCCTCCCAAACATCTGTGTACTTCTGTGCCAGCAGTCATGGACAGGGCCGAGCTTTCTTTGGACAA
147;CGGGGGGACTCAGCCGTGTATCTCTGTGCCAGCAGCCTGATCGGTCTAGCGGGGGGGACTGTTCGACTTGAGCAGTTCTTCGGGCCA
148;CTCAGGCTGCTGTCGGCTGCTCCCTCCCAGACATCTGTGTACTTCTGTGCCAGCAGTTACGGGGGAGCCGGCTACACCTTCGGTTCG
149;CTGAAGATCCAGCCCTCAGAACCCAGGGACTCAGCTGTGTACTTCTGTGCCAGCAGTCATACAGGTTCTGAAGCTTTCTTTGGACAA
150;AACCTGAGCTCTCTGGAGCTGGGGGACTCAGCTTTGTATTTCTGTGCCAGCAGCCCCGACAGGGGGCGTGAGCAGTTCTTCGGGCCA
151;ATCCAGCGCACACAGCAGGAGGACTCGGCCGTGTATCTCTGTGCCAGCAGCACTCAACAGGGGGGCTATGGCTACACCTTCGGTTCG
152;CAGCCTGCAGAGCTTGGGGACTCGGCCATGTATCTCTGTGCCAGCAGCTTAGGGGGCGAAACCTACAATGAGCAGTTCTTCGGGCCA
153;GAGTCCGCTACCAGCTCCCAGACATCTGTGTACTTCTGTGCCATCAGTGAGTGGCAGGTCCACTACAATGAGCAGTTCTTCGGGCCA
154;CTGAGCTCTCTGGAGCTGGGGGACTCAGCTTTGTATTTCTGTGCCAGCAGCGTCTTGGCGGGGGGGCATGAGCAGTTCTTCGGGCCA
155;GAGTCCGCCAGCACCAACCAGACATCTATGTACCTCTGTGCCAGCAGTAACGCTCGGACAGGGGAAGAGACCCAGTACTTCGGGCCA
156;CTGGAGCTTGGTGACTCTGCTGTGTATTTCTGTGCCAGCAGCCAAGATCAGGACAGGGAGGGAAGTTCACCCCTCCACTTTGGGAAC
157;AGGCTGCTGGCGGCTGCTCCCTCCCAGACATCTGTGTACTTCTGTGCCAGCAGACGACAGGGGGACTATGGCTACACCTTCGGTTCG
158;AAGATCCGGTCCACAAAGCTGGAGGACTCAGCCATGTACTTCTGTGCCAGCAGTGGACAGGGGGCAAATGAGCAGTTCTTCGGGCCA
159;CTCCTTCTCAGTGACTCTGGCTTCTATCTCTGTGCCTGGAGACGGGGGAGGCTTAAATCTGGGGCCAACGTCCTGACTTTCGGGGCC
160;ATTCTGGAGTCCGCCAGCACCAACCAGACATCTATGTACCTCTGTGCCAGCAAGAGGGGGATGCTCTACGAGCAGTACTTCGGGCCG
161;TCGGCCCAAAAGAACCCGACAGCTTTCTATCTCTGTGCCAGTAGTATCTTTACGGGACAGGGGGGTCAGCCCCAGCATTTTGGTGAT
162;TTGGCTGCTCCCTCCCAGACATCTGTGTACTTCTGTGCCAGCAGTTACCGGAGCCTAGCGGGGGAAGAGACCCAGTACTTCGGGCCA
163;CGGTCCACAAAGCTGGAGGACTCAGCCATGTACTTCTGTGCCAGCAGTGCCCCTCGGACTAGCGGTGAGACCCAGTACTTCGGGCCA
164;CCTGCAAAGCTTGAGGACTCGGCCGTGTATCTCTGTGCCAGCAGCTTAGGGACGGGGGGAAGCACAGATACGCAGTATTTTGGCCCA
165;GAGGACTCCGCCGTGTATCTCTGTGCCAGCAGCTTACGCTCGCGGGTTGGTATGCGCGACAGGGATAACGGCTACACCTTCGGTTCG
166;ACTGTGACATCGGCCCAAAAGAACCCGACAGCTTTCTATCTCTGTGCCAGTAGGGACAGGGTTAACTATGGCTACACCTTCGGTTCG
167;CGCACACAGCAGGAGGACTCGGCCGTGTATCTCTGTGCCAGCAGCCGACACGTGAACCCACTAAACTATGGCTACACCTTCGGTTCG
168;CTGAGTTCTAAGAAGCTCCTTCTCAGTGACTCTGGCTTCTATCTCTGTGCCTGGAGTGTAAAGTGGGAGACCCAGTACTTCGGGCCA
169;CTGAAGATCCAGCGCACAGAGCGGGGGGACTCAGCCGTGTATCTCTGTGCCAGCCGTGGTCGGGGGTACGAGCAGTACTTCGGGCCG
170;CTGACAGTGACCAGTGCCCATCCTGAAGACAGCAGCTTCTACATCTGCAGTGCGACTAGCGGGGGTGGCGAGCAGTACTTCGGGCCG
171;TCCGCTACCAGCTCCCAGACATCTGTGTACTTCTGTGCCATCAGTGAGCGCTACAGCCCCTACACCGGGGAGCTGTTTTTTGGAGAA
172;CTGGGGGTGGAGTCGGCTGCTCCCTCCCAAACATCTGTGTACTTCTGTGCCAGCAGTTTTTCCGGGACTAGCCCGTTCTTCGGGCCA
173;CTGAAGATCCAGCGCACACAGCAGGAGGACTCCGCCGTGTATCTCTGTGCCGAAGACAGGGGGTTGGACGGCTACACCTTCGGTTCG
174;GTGAACGCCTTGTTGCTGGGGGACTCGGCCCTCTATCTCTGTGCCAGCAGCCCCGCCGTTTGGAACACTGAAGCTTTCTTTGGACAA
175;TCGCCCAGCCCCAACCAGACCTCTCTGTACTTCTGTGCCAGCAGTCCATCCCTCGGGGCCAGGGCGGCCGAGCAGTACTTCGGGCCG
176;CAGCGCACACAGCAGGAGGACTCCGCCGTGTATCTCTGTGCCAGCAGCTTAAGGGGGAGCTCCTACAATGAGCAGTTCTTCGGGCCA
177;TCGGCCCAAAAGAACCCGACAGCTTTCTATCTCTGTGCCAGTACCTTAGGGGGGTTCACAGGCAATCAGCCCCAGCATTTTGGTGAT
178;ACCAGTGCCCATCCTGAAGACAGCAGCTTCTACATCTGCAGTGCTAGTCAGCAGCGGGGGAGAACCTACGAGCAGTACTTCGGGCCG
179;CCTGCAGAGCTTGGGGACTCGGCCGTGTATCTCTGTGCCAGCAGCTTAGTAGAGACTAGCGAGTACAATGAGCAGTTCTTCGGGCCA
180;GAGATCCAGCGCACAGAGCAGGGGGACTCGGCCATGTATCTCTGTGCCAGCAGCTTAGATCGCAATCAGCCCCAGCATTTTGGTGAT
181;GTGACATCGGCCCAAAAGAACCCGACAGCTTTCTATCTCTGTGCCAGTAGGGCCGGCAGTGCTCTTTCACCCCTCCACTTTGGGAAC
182;AAGATCCAGCGCACAGAGCGGGGGGACTCAGCCGTGTATCTCTGTGCCAGCAGCTCCCAGGGAAACACTGAAGCTTTCTTTGGACAA
183;AATGTGAGCACCTTGGAGCTGGGGGACTCGGCCCTTTATCTTTGCGCCAGCAGCTCGACGGTCGGATATGGCTACACCTTCGGTTCG
184;AGCTCTCTGGAGCTGGGGGACTCAGCTTTGTATTTCTGTGCCAGCAGCCTACAACAGGGGGCGGGCTACGAGCAGTACTTCGGGCCG
185;CGGTCCACAAAGCTGGAGGACTCAGCCATGTACTTCTGTGCCAGCGGGGGGGACACGGGCTATAATTCACCCCTCCACTTTGGGAAC
186;TCCACAAAGCTGGAGGACTCAGCCATGTACTTCTGTGCCAGCATGGGACAGGGAATGGGCTATAATTCACCCCTCCACTTTGGGAAC
187;AGGATCCAGCAGGTAGTGCGAGGAGATTCGGCAGCTTATTTCTGTGCCAGCTCACCAAATAGGGAGGGTATTCAGTACTTCGGCGCC
188;CTGGAGTCCGCCAGCACCAACCAGACATCTATGTACCTCTGTGCCAGCAGTCCCCCCCGGGGATGGTCACCCCTCCACTTTGGGAAC
189;GTGAGCAACATGAGCCCTGAAGACAGCAGCATATATCTCTGCAGCGTTGTCGGAGCCCCAGGGAACACTGAAGCTTTCTTTGGACAA
190;CTGAAGATCCGGTCCACAAAGCTGGAGGACTCAGCCATGTACTTCTGTGCCAGCAGTGTCGCAGGGAGCGAGCAGTACTTCGGGCCG
191;GCGGCTGCTCCCTCCCAAACATCTGTGTACTTCTGTGCCAGCAGCCTTACCCCAGCGGGGGTCTCCTACGAGCAGTACTTCGGGCCG
192;TCCCTGGAGCTTGGTGACTCTGCTGTGTATTTCTGTGCCAGCAGCCAAGTTAGCGGTAGCTCCTACAATGAGCAGTTCTTCGGGCCA
193;CTGGAGTCCGCCAGCACCAACCAGACATCTATGTACCTCTGTGCCAGCCGCCGCCTGGACTCTGCGGATACGCAGTATTTTGGCCCA
194;GCTCCCTCCCAGACATCTGTGTACTTCTGTGCCAGCAGTTCCAGCGGGGGGAGTAATGCGAACACCGGGGAGCTGTTTTTTGGAGAA
195;ACAGTGACCAGTGCCCATCCTGAAGACAGCAGCTTCTACATCTGCAGTGCTAGGGCCCTCAGCCACTATGGCTACACCTTCGGTTCG
196;GTGACCAGTGCCCATCCTGAAGACAGCAGCTTCTACATCTGCAGTGCTATAGCCGGACAGGGCGATCAGCCCCAGCATTTTGGTGAT
197;TCCCTGGAGCTTGGTGACTCTGCTGTGTATTTCTGTGCCAGCAGCCAAGTAGGCTGGCGGGGGCAAGAGACCCAGTACTTCGGGCCA
198;CTGATTCTGGAGTCCGCCAGCACCAACCAGACATCTATGTACCTCTGTGCCAGCAGTTTATCTGACGGGGGCTACACCTTCGGTTCG
199;ACATCGGCCCAAAAGAACCCGACAGCTTTCTATCTCTGTGCCAGTAGTCCGGGACAGGGAAGCAATCAGCCCCAGCATTTTGGTGAT
200;GAGTTGGCTGCTCCCTCCCAGACATCTGTGTACTTCTGTGCCAGCAGTCCCTCGAGGCCAGGCGGAAACACCATATATTTTGGAGAG
201;AAGATCCAGCGCACAGAGCGGGGGGACTCAGCCGTGTATCTCTGTGCCAGCAGCGCCAGGGGGTTGGAGACCCAGTACTTCGGGCCA
202;ACCAGTGCCCATCCTGAAGACAGCAGCTTCTACATCTGCAGTCCCCCGTTAGCGGGGGGAGGGAACAATGAGCAGTTCTTCGGGCCA
203;GCTCCCTCCCAGACATCTGTGTACTTCTGTGCCAGCAGTATGAATATTCTAGGGTCGGCATCGGGAACTGAAGCTTTCTTTGGACAA
204;ATCCAGCCCTCAGAACCCAGGGACTCAGCTGTGTACTTCTGTGCCAGCAGCACCGGGACAGGGTACAATGAGCAGTTCTTCGGGCCA
205;CAGCCTGCAAAGCTTGAGGACTCGGCCGTGTATCTCTGTGCCAGCAGCGTAAACCCGGGAGAGAACACTGAAGCTTTCTTTGGACAA
206;CTCAAGATCCAGCCTGCAAAGCTTGAGGACTCGGCCGTGTATCTCTGTGCCAGCAGCAGGAACACCGGGGAGCTGTTTTTTGGAGAA
207;TTGGCTGCTCCCTCCCAGACATCTGTGTACTTCTGTGCCAGCAGTTACTCGATGACAGGGCGGATCCACGAGCAGTACTTCGGGCCG
208;CTGGAGTCCGCCAGCACCAACCAGACATCTATGTACCTCTGTGCCAGCAGACTCCTGGGGATCGACTATGGCTACACCTTCGGTTCG
209;ACTGTGACATCGGCCCAAAAGAACCCGACAGCTTTCTATCTCTGTGCCAGTAGTCCTCAGGGATTTTATGGCTACACCTTCGGTTCG
210;CTGGAGTCCGCCAGCACCAACCAGACATCTATGTACCTCTGTGCCAGCAGTTTAGGGACCGTGAACACTGAAGCTTTCTTTGGACAA
211;GTGACCAGTGCCCATCCTGAAGACAGCAGCTTCTACATCTGCAGTGCTACCGGGACAGGGACCGTCTACGAGCAGTACTTCGGGCCG
212;TCTGCTGCCTCCTCCCAGACATCTGTATATTTCTGCGCCAGCAGTGAGTCGAAGTCCCGGGACGGTGAAAAACTGTTTTTTGGCAGT
213;CTGCTGTCGGCTGCTCCCTCCCAGACATCTGTGTACTTCTGTGCCAGCGCGACTATAGGCCTTAACTATGGCTACACCTTCGGTTCG
214;GTGAGCACCTTGGAGCTGGGGGACTCGGCCCTTTATCTTTGCGCCAGCAGGGATGGGACAGGGAAAGTGACAGCTTTCTTTGGACAA
215;TTCTCAACTCTGACTGTGAGCAACATGAGCCCTGAAGACAGCAGCATATATCCCAAACTATCTCGAGAGACCCAGTACTTCGGGCCA
216;AAGATCCAGCGCACAGAGCGGGGGGACTCAGCCGTGTATCTCTGTGCCAGCAGCAAGCGGGGGATGGAGACCCAGTACTTCGGGCCA
217;GCCCATCCTGAAGACAGCAGCTTCTACATCTGCAGTGCCCGGATAGGGGACAGGGGTAATAGCAATCAGCCCCAGCATTTTGGTGAT
218;ACTGTGACATCGGCCCAAAAGAACCCGACAGCTTTCTATCTCTGTGCCAGTAGTAGCCAGGATCTGCGCAAACTGTTTTTTGGCAGT
219;AGCACCTTGGAGCTGGGGGACTCGGCCCTTTATCTTTGCGCCAGCAGCTTGGGGGGTTCCGGACCGCGCGAGCAGTACTTCGGGCCG
220;ATTCTGGAGTCCGCCAGCACCAACCAGACATCTATGTACCTCTGTGCCAGCAGTTTAGAGTCTTTTGGGGGCTACACCTTCGGTTCG
221;TTGGAGTCGGCTGCTCCCTCCCAAACATCTGTGTACTTCTGTGCCAGCAGCCCAACATCGAACACCGGGGAGCTGTTTTTTGGAGAA
222;CAGCCTGCAGAGCAGGGGGACTCGGCCGTGTATGTCTGTGCAAGTCGCTTAGAGGGACAGGGTTCCTATGGCTACACCTTCGGTTCG
223;AATCTTCACATCAATTCCCTGGAGCTTGGTGACTCTGCTGTGTATTTCTGTGCCAGCAGCCAAGAAAGAGGCTACACCTTCGGTTCG
224;CACGCCCTGCAGCCAGAAGACTCAGCCCTGTATCTCTGCGCCAGCAGCCAAGGCGGGTCAGGCTATCAGCCCCAGCATTTTGGTGAT
225;CAGAGCAAGGGCGACTCGGCTGTGTATCTCTGTGCCAGAAGCTTAAATCTCCAGGCGGGGGGCAGAGAGACCCAGTACTTCGGGCCA
226;CGGTCCACAAAGCTGGAGGACTCAGCCATGTACTTCTGTGCCAGCACGCCCGAAGCGGGGACCTTCTACGAGCAGTACTTCGGGCCG
227;GTGGAGGCGGCTGCTCCCTCCCAAACATCTGTGTACTTCTGTGCCAGCAGTTCACAGGGGGCAGGGCAGCCCCAGCATTTTGGTGAT
228;GTGAACGCCTTGGAGCTGGACGACTCGGCCCTGTATCTCTGTGCCAGCACCGAGGGGGGGGTCTACAATGAGCAGTTCTTCGGGCCA
229;ATCCAGCGCACACAGCAGGAGGACTCCGCCGTGTATCTCTGTGCCAGCAGCTTAGCTCGGGACAGCTACGAGCAGTACTTCGGGCCG
230;CGCACAGAGCGGGGGGACTCAGCCGTGTATCTCTGTGCCAGCAGCTTACGAGGGGGAGGCAGCAATCAGCCCCAGCATTTTGGTGAT
231;CTGACAGTGACCAGTGCCCATCCTGAAGACAGCAGCTTCTACATCTGCAGTGCCACGCGGACTAACTATGGCTACACCTTCGGTTCG
232;ATCAATTCCCTGGAGCTTGGTGACTCTGCTGTGTATTTCTGTGCCAGCAGCCAAGCGGGGGGTATATCTGAAGCTTTCTTTGGACAA
233;ATCCAGCCTGCAAAGCTTGAGGACTCGGCCGTGTATCTCTGTGCCAGCAGCCCCGGGGGGGGCCCCTATGGCTACACCTTCGGTTCG
234;CGCACACAGCAGGAGGACTCGGCCGTGTATCTCTGTGCCAGCAGCCCCAGGGCGAGAAGGGGCACCGGGGAGCTGTTTTTTGGAGAA
235;CTGGAGCTGGGGGACTCAGCTTTGTATTTCTGTGCCAGCAGCGTAGGTTTAGTCGCCTCCCTTTACAATGAGCAGTTCTTCGGGCCA
236;GTGAGCACCTTGGAGCTGGGGGACTCGGCCCTTTATCTTTGCGCCAGCAGCTTGGATGCCGGGGACTATGGCTACACCTTCGGTTCG
237;CGCACAGAGCAGCGGGACTCGGCCATGTATCGCTGTGCCAGCAGCTTAGTTGACAGGGAAGAAGGAAACACCATATATTTTGGAGAG
238;CTTGGTGACTCTGCTGTGTATTTCTGTGCCAGCAGCCAAGCAGGTCGGGGCGGGGGGGCCTTTAGTAAGACCCAGTACTTCGGGCCA
239;ACCCTGCAGCCAGAAGACTCGGCCCTGTATCTCTGTGCCAGCAGCCAAGTCCCCTGGGGCGTTAATGAAAAACTGTTTTTTGGCAGT
240;CTGAAGATCCGGTCCACAAAGCTGGAGGACTCAGCCATGTACTTCTGTGCCAGCAGCGCCGGGACTAGGTTCCAGTACTTCGGGCCG
241;CCCTCAGAACCCAGGGACTCAGCTGTGTACTTCTGTGCCAGCAGTCCTACCGCCGGGACAGGGAGCGAAAAACTGTTTTTTGGCAGT
242;GTGACATCGGCCCAAAAGAACCCGACAGCTTTCTATCTCTGTGCCAGTAGTACCCGACCGTACCAAGAGACCCAGTACTTCGGGCCA
243;AATGTGAGCACCTTGGAGCTGGGGGACTCGGCCCTTTATCTTTGCGCCAGCAGCTTCGGGCTACAAGAGACCCAGTACTTCGGGCCA
244;CTCAGGCTGGAGTTGGCTGCTCCCTCCCAGACATCTGTGTACTTCTGTGCCAGCAGTGGCATCACCGGGGAGCTGTTTTTTGGAGAA
245;CACCTACACGCCCTGCAGCCAGAAGACTCAGCCCTGTATCTCTGCGCCAGCAGCCCGACAGAGCAAGAGACCCAGTACTTCGGGCCA
246;CTGGGGTTGGAGTCGGCTGCTCCCTCCCAAACATCTGTGTACTTCTGTGCCAGCAGTTACGGGGGAGCCGGCTACACCTTCGGTTCG
247;GCGCCCAGCCCCAACCAGACCTCTCTGTACTTCTGTGCCAGCAGCCCGGTAGGGACTAGCAATCTCTACGAGCAGTACTTCGGGCCG
248;GTGAACGCCTTGGAGCTGGACGACTCGGCCCTGTATCTCTGTGCCAGCAGCTTGAAATCAGGAAAAGAGACCCAGTACTTCGGGCCA
249;TCGGCCCAAAAGAACCCGACAGCTTTCTATCTCTGTGCCAGTAGTATAGACACTGACGACAACAATCAGCCCCAGCATTTTGGTGAT
250;AACATGAGCCCTGAAGACAGCAGCATATATCTCTGCAGCGTTTATGCTATGCGGGGGGGCGAAAGGGGTGAGCAGTTCTTCGGGCCA
251;ACTGTGAGCAACATGAGCCCTGAAGACAGCAGCATATATCTCTGCAGCGTTATGGGACTAGCGGGGGATACGCAGTATTTTGGCCCA
252;GAGTCCGCTACCAGCTCCCAGACATCTGTGTACTTCTGTGCCATCAGGACCCTCAGGGGGCCTGGAAACACCATATATTTTGGAGAG
253;TCCGCCAGCACCAACCAGACATCTATGTACCTCTGTGCCAGCAGTCTCCAGGGGCTTCCCATCACAGATACGCAGTATTTTGGCCCA
254;AAGATCCAGCCCTCAGAACCCAGGGACTCAGCTGTGTACTTCTGTGCCAGCAGCAGGAACCGTTGGGAGACCCAGTACTTCGGGCCA
255;GTGACATCGGCCCAAAAGAACCCGACAGCTTTCTATCTCTGTGCCAGTAGTATAGGGGCAGGGAGTAAGCCCCAGCATTTTGGTGAT
256;AATGTGAGCACCTTGGAGCTGGGGGACTCGGCCCTTTATCTTTGCGCCACCTCGACAGCTAGCACAGATACGCAGTATTTTGGCCCA
257;ACTCTGACTGTGAGCAACATGAGCCCTGAAGACAGCAGCATATATCTCTGCAGCGTTATGGCTAACTATGGCTACACCTTCGGTTCG
258;CAGCGCACAGAGCAGGGGGACTCGGCCATGTATCTCTGTGCCAGCAGCCAAGGGGGCCAGCCAAACACTGAAGCTTTCTTTGGACAA
259;CTACACACCCTGCAGCCAGAAGACTCGGCCCTGTATCTCTGTGCCAGCAGCCAAGAGGTGCAGGGGAGTGGCTACACCTTCGGTTCG
260;ATCCAGCCCTCAGAACCCAGGGACTCAGCTGTGTACTTCTGTGCCAGCAGTTCCCAGGGGTTCCGGCCTGAAGCTTTCTTTGGACAA
261;ATCCGCTCACCAGGCCTGGGGGACGCAGCCATGTACCTGTGTGCCACCAGCCTCGACAGTTCCCGCAGGGAGCAGTTCTTCGGGCCA
262;CAGCGCACAGAGCAGGGGGACTCGGCCATGTATCTCTGTGCCAGCAGCGAGGCGGGGCGATACACCGGGGAGCTGTTTTTTGGAGAA
263;GTGAACGCCTTGGAGCTGGACGACTCGGCCCTGTATCTCTGTGCCAGCAGCTTGAACAGCTACACCGGGGAGCTGTTTTTTGGAGAA
264;AAGATCCAGCGCACACAGCAGGAGGACTCCGCCGTGTATCTCTGTGCCAGCAGCTTAGCAGGGGACTATGGCTACACCTTCGGTTCG
265;AGGCTGGAGTTGGCTGCTCCCTCCCAGACATCTGTGTACTTCTGTGCCAGCAGACGACAGGGGGACTATGGCTACACCTTCGGTTCG
266;ATCCAGCGCACAGAGCGGGGGGACTCAGCCGTGTATCTCTGTGCCAGCAGCTTAGTCGTGGCATACACTGAAGCTTTCTTTGGACAA
267;CAGCCTGCAGAGCTTGGGGACTCGGCCGTGTATCTCTGTGCCAGCAGCCAAGAGACAGGGACCGGCTACGAGCAGTACTTCGGGCCG
268;CGCACACAGCAGGAGGACTCCGCCGTGTATCTCTGTGCCAGCAGCTTAGCTGGGACTAGCGGGCCCGGGAAGTGGTATTTTGGCCCA
269;TCCACAAAGCTGGAGGACTCAGCCATGTACTTCTGTGCCATCCCTCGGGACAGCATCTCTGGGGCCAACGTCCTGACTTTCGGGGCC
270;AAGATCCAGCGCACAGAGCGGGGGGACTCAGCCGTGTATCTCTGTGCCAGCAGCTTCACAAACCAAGAGACCCAGTACTTCGGGCCA
271;CAGTCCACGGAGTCAGGGGACACAGCACTGTATTTCTGTGCCAGCAGCCAAACGACGGATACATCCTACGAGCAGTACTTCGGGCCG
272;CTCAAGATCCAGCCTGCAGAGCTTGGGGACTCGGCCGTGTATCTCTGTGCCAGCAGCTTAGGTCCGTACGAGCAGTACTTCGGGCCG
273;GAGTCGCCCAGCCCCAACCAGACCTCTCTGTACTTCTGTGCCAGCAGTTCCTATTTTAGACAGAACAATGGCTACACCTTCGGTTCG
274;GAGTCCGCTACCAGCTCCCAGACATCTGTGTACTTCTGTGCCATCAGTGAACCCGGGACAGGGGGCTACGAGCAGTACTTCGGGCCG
275;CTGGGGTTGGAGTCGGCTGCTCCCTCCCAAACATCTGTGTACTTCTGTGCCAGCGGGCGACAGTCCTACGAGCAGTACTTCGGGCCG
276;GAGTCCGCCAGCACCAACCAGACATCTATGTACCTCTGTGCCAGCAGTTACTTAAGGGGAAGGGACACTGAAGCTTTCTTTGGACAA
277;GAGTCGGCTGCTCCCTCCCAGACATCTGTGTACTTCTGTGCCAGCAGTGAATCAGGCCTAGCGAGCAATGAGCAGTTCTTCGGGCCA
278;TCAACTCTGACTGTGAGCAACATGAGCCCTGAAGACAGCAGCATATATCTCTGCAGCGTTGAAATCTCACCCCTCCACTTTGGGAAC
279;AGGCTGGAGTTGGCTGCTCCCTCCCAGACATCTGTGTACTTCTGTGCCAGCAGTTACCAAAACACAGATACGCAGTATTTTGGCCCA
280;CTGCTGTCGGCTGCTCCCTCCCAGACATCTGTGTACTTCTGTGCCAGCAGACTTGACAGGGGGCGGGAGACCCAGTACTTCGGGCCA
281;GCAATCCTGTCCTCAGAACCGGGAGACACGGCACTGTATCTCTGCGCCAGCAGTCATTTTTCGGGGGATGGCTACACCTTCGGTTCG
282;ATTCTGGAGTCCGCCAGCACCAACCAGACATCTATGTACCTCTGTGCCAGCAGCCTCCTGGGGTGGGATGGCTACACCTTCGGTTCG
283;CATCCTGAAGACAGCAGCTTCTACATCTGCAGTGCTAGAAACCGCCTAGCGGGGGGACCTAACACCGGGGAGCTGTTTTTTGGAGAA
284;ATCCAGCCCTCAGAACCCAGGGACTCAGCTGTGTACTTCTGTGCCAGCAGTTTAGGGGGCTTGAACACTGAAGCTTTCTTTGGACAA
285;CACATCAATTCCCTGGAGCTTGGTGACTCTGCTGTGTATTTCTGTGCCAGCAGCCCAACAGGGGGCTCTGAAGCTTTCTTTGGACAA
286;CGCACACAGCAGGAGGACTCGGCCGTGTATCTCTGTGCCAGCAGCCACCCCAGACAGGGCTATAATTCACCCCTCCACTTTGGGAAC
287;CGGTCCACAAAGCTGGAGGACTCAGCCATGTACTTCTGTGCCAGCAGTGTGGAGCTGGGTATCACAGATACGCAGTATTTTGGCCCA
288;CTACACGCCCTGCAGCCAGAAGACTCAGCCCTGTATCTCTGCGCCAGCAGCCAAGAGAGTCAGGTCTACGAGCAGTACTTCGGGCCG
289;GAGTCGGCTGCTCCCTCCCAGACATCTGTGTACTTCTGTGCCAGCAGTGTCGGAGGCTACTCTGGAAACACCATATATTTTGGAGAG
290;TCGGCTGCTCCCTCCCAGACATCTGTGTACTTCTGTGCCAGCAAACACGAGGAAAGCTCCTATAATTCACCCCTCCACTTTGGGAAC
291;AGGCTGGAGTCGGCTGCTCCCTCCCAGACATCTGTGTACTTCTGTGCCAGCAGTGAGCGGGGGACGAATACGCAGTATTTTGGCCCA
292;ATCCAGCCCTCAGAACCCAGGGACTCAGCTGTGTACTTCTGTGCCAGCAGTGTGCATCAGGGGGTCTATGGCTACACCTTCGGTTCG
293;CTGTCGGCTGCTCCCTCCCAGACATCTGTGTACTTCTGTGCCAGCAGCCCTACAGGGGGGGGCACCTATGGCTACACCTTCGGTTCG
294;GAGTCGGCTGCTCCCTCCCAAACATCTGTGTACTTCTGTGCCAGCAGTTACTTACTTAGGGGATCCACTGAAGCTTTCTTTGGACAA
295;GTGAACGCCTTGGAGCTGGACGACTCGGCCCTGTATCTCTGTGCCAGCAGCCGGGGGCAGGGGACGACTGAAGCTTTCTTTGGACAA
296;TCGGCTGCTCCCTCCCAGACATCTGTGTACTTCTGTGCCAGCAGTTATTTCAGTTCCTCTGGGGCCAACGTCCTGACTTTCGGGGCC
297;ACACAGCAGGAGGACTCGGCCGTGTATCTCTGTGCCAGCAGCTCTGGGGCTAGCGGGGCCGCGAGAGAGACCCAGTACTTCGGGCCA
298;ACTGTGAGCAACATGAGCCCTGAAGACAGCAGCATATATCTCTGCAGCGTCGCTACAGGGAAGTTGGACACCATATATTTTGGAGAG
299;AGCACCTTGGAGCTGGGGGACTCGGCCCTTTATCTTTGCGCCAGCAGCCTGGACACCGCGAACACCGGGGAGCTGTTTTTTGGAGAA
300;ATCCAGCCCTCAGAACCCAGGGACTCAGCTGTGTACTTCTGTGCCAGCAGTTTAACTAGCGGGGGCATTCTGCAGTTCTTCGGGCCA
301;CGGTCCACAAAGCTGGAGGACTCAGCCATGTACTTCTGTGCCAGCAGCGGACGCAGGGCCCGTGTTGCTGGCTACACCTTCGGTTCG
302;GCTGCTCCCTCCCAAACATCTGTGTACTTCTGTGCCAGCAGAGTTGTCTCCGGGACAGGGAATCTCAATGAGCAGTTCTTCGGGCCA
303;GTGGAGGCGGCTGCTCCCTCCCAAACATCTGTGTACTTCTGTGCCAGCAGTTCACAGGGGGCAGGACAGCCCCAGCATTTTGGTGAT
304;AGGCTGCTGTCGGCTGCTCCCTCCCAGACATCTGTGTACTTCTGTGCCAGCAGTTACAGGAACAAAGAGACCCAGTACTTCGGGCCA
305;ATCAATTCCCTGGAGCTTGGTGACTCTGCTGTGTATTTCTGTGCCAGCAGCCAAAGGCCGACATCCTACGAGCAGTACTTCGGGCCG
306;CATCCTGAAGACAGCAGCTTCTACATCTGCAGTGCTTCTACTTGGCGACAGGGGTATTTGAGCAATCAGCCCCAGCATTTTGGTGAT
307;CTGGAGTTGGCTGCTCCCTCCCAGACATCTGTGTACTTCTGTGCCAGCAGAGACAGGGGGCGCCAAAACATTCAGTACTTCGGCGCC
308;GTGAGCACCTTGGAGCTGGGGGACTCGGCCCTTTATCTTTGCGCCAGCAGCGAGGGGAGCCGGGGAACTGAAGCTTTCTTTGGACAA
309;ATCCAGCGCACACAGCAGGAGGACTCGGCCGTGTATCTCTGTGCCAGCAGCCACCCCAGGCGGAGAAACATTCAGTACTTCGGCGCC
310;ATCCAGCGCACAGAGCAGCGGGACTCGGCCATGTATCGCTGTGCCAGCAGCTTGGTGGACAGGGGTTCACCCCTCCACTTTGGGAAC
311;AATGTGAACGCCTTGGAGCTGGACGACTCGGCCCTGTATCTCTGTGCCAGCTCCGGGTGGGCGGACACTGAAGCTTTCTTTGGACAA
312;ATCCGGTCCACAAAGCTGGAGGACTCAGCCATGTACTTCTGTGCCAGCAGTTTGTGGGAGACAGGGACCGGCTACACCTTCGGTTCG
313;CAGCGCACACAGCAGGAGGACTCGGCCGTGTATCTCTGTGCCAGCAGCTTGGGAGTTGTCTATAATTCACCCCTCCACTTTGGGAAC
314;GAGCGGGGGGACTCAGCCGTGTATCTCTGTGCCAGCAGCTTAACCTTGAACCGGGACAGGGACCAAGAGACCCAGTACTTCGGGCCA
315;ACAGTGACCAGTGCCCATCCTGAAGACAGCAGCTTCTACATCTGCAGTGCTAGAGAGGAAACCGGCATAGGCTACACCTTCGGTTCG
316;AGGCTGGAGTTGGCTGCTCCCTCCCAGACATCTGTGTACTTCTGTGCCAGCAAGGAGGACTTAAATCAGCCCCAGCATTTTGGTGAT
317;CCCCTCACTCTGTAGTCTGCTGCCTCCTCCCAGACATCTGTATATCTATGGGTGGCGGGGGGCACAGATACGCAGTATTTTGGCCCA
318;CGCACAGAGCAGCGGGACTCGGCCATGTATCGCTGTGCCAGCAGCTTATTTGACGGCGACTCTGGAAACACCATATATTTTGGAGAG
319;TTGGAGGCGGCTGCTCCCTCCCAAACATCTGTGTACTTCTGTGCCAGCAACCAACAGGGGGCGGGCACTGAAGCTTTCTTTGGACAA
320;AAGATCCAGCGCACACAGCAGGAGGACTCCGCCGTGTATCTCTGTGCCAGCAGCTTCACAAACCAAGAGACCCAGTACTTCGGGCCA
321;ACAGAGCAGGGGGACTCGGCCATGTATCTCTGTGCCAGCAGCTTCGGCACCCACAGGGGGCAGTACTATGGCTACACCTTCGGTTCG
322;AGCACCTTGGAGCTGGGGGACTCGGCCCTTTATCTTTGCGCCAGCAGCCTGCAGCTCGCGAACACCGGGGAGCTGTTTTTTGGAGAA
323;AGGCTGGAGTTGGCTGCTCCCTCCCAGACATCTGTGTACTTCTGTGCCAGCAGTTACACAGGGACTCACGAGCAGTACTTCGGGCCG
324;CACACCCTGCAGCCAGAAGACTCGGCCCTGTATCTCTGTGCCAGCAGCCGCCGACAGGGGAATGGTTATGGCTACACCTTCGGTTCG
325;CAGCGCACAGAGCAGGGGGACTCGGCCATGTATCTCTGTGCCAGCTTTGAGGGAGGCTTCCCGAACACTGAAGCTTTCTTTGGACAA
326;CCCTCAGAACCCAGGGACTCAGCTGTGTACTTCTGTGCCAGCAGCGACGGACAGGCGGGCCTATGGGGTGAAGCTTTCTTTGGACAA
327;CGGTCCACAAAGCTGGAGGACTCAGCCATGTACTTCTGTGCCACCCCGAACAGCCAGAGCTCCTACAATGAGCAGTTCTTCGGGCCA
328;CTACACGCCCTGCAGCCAGAAGACTCAGCCCTGTATCTCTGCGCCAGCAGCCTAAGGACAGGGGATTCCCCCCTCCACTTTGGGAAC
329;TCCGCCAGCACCAACCAGACATCTATGTACCTCTGTGCCAGCAGTCTCCCCCAGCTAGCGGGGGATGGGGAGCTGTTTTTTGGAGAA
330;TCTCTGGAGCTGGGGGACTCAGCTTTGTATTTCTGTGCCAGCAGCGAAAGATGGGTGAGCTCCTACAATGAGCAGTTCTTCGGGCCA
331;AAGAAGCTCCTTCTCAGTGACTCTGGCTTCTATCTCTGTGCCTGGAGCGCCGGGCCCAGCTCTGGAAACACCATATATTTTGGAGAG
332;AAGATCCGGTCCACAAAGCTGGAGGACTCAGCCATGTACTTCTGTGCCAGCAGTGAGACTAGCGGGGCCGAACAGTTCTTCGGGCCA
333;AGCCCTGAAGACAGCAGCATATATCTCTGCAGCGTTCTGTCCGACGTACGGGGTCGAGGCGTGAACACTGAAGCTTTCTTTGGACAA
334;ATCCGGTCCACAAAGCTGGAGGACTCAGCCATGTACTTCTGTGCCAGCAGTGCCGGGACAGGGTTCTATGGCTACACCTTCGGTTCG
335;CAGACCTCTCTGTACTTCTGTGCCAGCAGTTTATGGGCATCCGGGACAGGGCGCCCCTATAGCAATCAGCCCCAGCATTTTGGTGAT
336;CAGCAGGTAGTGCGAGGAGATTCGGCAGCTTATTTCTGTGCCAGCCCTGGGACAGGGGATTTCATCGGGGAGCTGTTTTTTGGAGAA
337;CAGCGCACACAGCAGGAGGACTCGGCCGTGTATCTCTGTGCCAGCAGCTTAGCCGGGACAGGGTTGAACACCATATATTTTGGAGAG
338;CTCACTGTGACATCGGCCCAAAAGAACCCGACAGCTTTCTATCTCTGTGCCAGCACTCAGGGGTCTCAGCCCCAGCATTTTGGTGAT
339;GAGTCGCCCAGCCCCAACCAGACCTCTCTGTACTTCTGTGCCAGCAGTGATCAGGGGATGTATAATTCACCCCTCCACTTTGGGAAC
340;AAGATCCAGCGCACAGAGCGGGGGGACTCAGCCGTGTATCTCTGTGCCAGCAGCTTACGCCTCAAGACTGAAGCTTTCTTTGGACAA
341;ACACAGCAGGAGGACTCGGCCGTGTATCTCTGTGCCAGCAGCTTAGGATCGGGGTGGGGGAACACAGATACGCAGTATTTTGGCCCA
342;ACCAGTGCCCATCCTGAAGACAGCAGCTTCTACATCTGCAGTGCTAGAGATCCCGGGACAGGGAACACTGAAGCTTTCTTTGGACAA
343;CTCCTTCTCAGTGACTCTGGCTTCTATCTCTGTGCCTGGACGCCGACCGGTGGGGGCCTTGGTAATTCACCCCTCCACTTTGGGAAC
344;GCGGCTGCTCCCTCCCAAACATCTGTGTACTTCTGTGCCAGCAGTGCCCCTAGTGGGTTTAGGGTTCAGCCCCAGCATTTTGGTGAT
345;GTGCAGCCTGCAGAACTGGAGGATTCTGGAGTTTATTTCTGTGCCAGCAGCCAAGGGGCTAGATCAGAGACCCAGTACTTCGGGCCA
346;CGCTCACCAGGCCTGGGGGACGCAGCCATGTACCTGTGTGCCACCAGCAGAGATTCGGCCGGCTACACTGAAGCTTTCTTTGGACAA
347;CTGCAGCCAGAAGACTCGGCCCTGTATCTCTGTGCCAGCAGCCAGAAACGGTGGGGACAGGGGTTTGAAAAACTGTTTTTTGGCAGT
348;GACAGCAGCTTCTACATCTGCAGTGCTAGAGTGCCGTTGGGGACAGGGGACGCCTACTCTGGGGCCAACGTCCTGACTTTCGGGGCC
349;GTGAACGCCTTGGAGCTGGACGACTCGGCCCTGTATCTCTGTGCCAGCAGCCCGGGGATCTATAATTCACCCCTCCACTTTGGGAAC
350;GTGACCAGTGCCCATCCTGAAGACAGCAGCTTCTACATCTGCAGTGCTAGGCACACAGGGGTTAACTATGGCTACACCTTCGGTTCG
351;ACCCTGGAGTCTGCCAGGCCCTCACATACCTCTCAGTACCTCTGTGCCAGCAGTGGGACTTACTCCTACGAGCAGTACTTCGGGCCG
352;ATCCAGCGCACACAGCAGGAGGACTCCGCCGTGTATCTCTGTGCCAGCAGCTTAGTATTAGGGTATGCTGGCTACACCTTCGGTTCG
353;ATCCAGCGCACAGAGCAGGGGGACTCAGCTGTGTATCTCTGTGCCAGCAGCTTAGCGCGGGAGACCCCTGAAGCTTTCTTTGGACAA
354;CAGCAGGAGGACTCGGCCGTGTATCTCTGTGCCAGCAGCCAGCGGACAGGGGCAAGCTCCTATAATTCACCCCTCCACTTTGGGAAC
355;CTGGAGTCCGCTACCAGCTCCCAGACATCTGTGTACTTCTGTGCCTCGAAACGGGGGACAACTAACTATGGCTACACCTTCGGTTCG
356;CTGGAGTCGGCTGCTCCCTCCCAGACATCTGTGTACTTCTGTGCCAGCAGACGACAGGGGGGTAATGAAAAACTGTTTTTTGGCAGT
357;GAGCAGGGGGACTCGGCCGTGTATGTCTGTGCAAGTCGCTTATGCAGCCGGGGGCCTCAGAACACCGGGGAGCTGTTTTTTGGAGAA
358;GAGTCCGCTACCAGCTCCCAGACATCTGTGTACTTCTGTGCCACGAGGGAGGGACTCTCTGGGGCCAACGTCCTGACTTTCGGGGCC
359;AAGATCCAGCCTGCAGAGCAGGGGGACTCGGCCGTGTATGTCTGTGCTCTCAACCCGGCTAGTCCCAATGAGCAGTTCTTCGGGCCA
360;ACGATCCAGCGCACACAGCAGGAGGACTCGGCCGTGTATCTCTGTGCCAGCAGCCCTCAACACACAGATACGCAGTATTTTGGCCCA
361;AGGCTGGAGTCGGCTGCTCCCTCCCAGACATCTGTGTACTTCTGTGCCAGCAGACGACAGGGGGACTATGGCTACACCTTCGGTTCG
362;AGGCTGGAGTCGGCTGCTCCCTCCCAGACATCTGTGTACTTCTGTGCCAGCAGTTACCAAAACACAGATACGCAGTATTTTGGCCCA
363;GTGCGAGGAGATTCGGCAGCTTATTTCTGTGCCAGCTCACTCGGACAACCTCAGTCTAGCTCTGGAAACACCATATATTTTGGAGAG
364;TTGGCTGCTCCCTCCCAGACATCTGTGTACTTCTGTGCCAGCAGTTACCTGATGGACAGCTCCTACAATGAGCAGTTCTTCGGGCCA
365;AGCTCTCTGGAGCTGGGGGACTCAGCTTTGTATTTCTGTGCCAGCAGCGTAGACGGGTCTGGGGCCAACGTCCTGACTTTCGGGGCC
366;AGGCTGGAGGCGGCTGCTCCCTCCCAGACATCTGTGTACTTCTGTGCCAGCCGTAGGGGCGACACCGGGGAGCTGTTTTTTGGAGAA
367;ATCAATTCCCTGGAGCTTGGTGACTCTGCTGTGTATTTCTGTGCCAGCAGCCCCGGGGGGGGGACTTCACCCCTCCACTTTGGGAAC
368;ATCCAGCGCACACAGCAGGAGGACTCGGCCGTGTATCTCTGTGCCAGCAGCTTCGGGCGGGAGACCTATGGCTACACCTTCGGTTCG
369;CTGGAGTCCGCTACCAGCTCCCAGACATCTGTGTACTTCTGTGCCATCAGGGGGACTTCAGGGCCAGATACGCAGTATTTTGGCCCA
370;GTGAACGCCTTGGAGCTGGACGACTCGGCCCTGTATCTCTGTGCCAGCAGCCCGGGCGGGGGCCTGGAGACCCAGTACTTCGGGCCA
371;GTGACATCGGCCCAAAAGAACCCGACAGCTTTCTATCTCTGTGCCAGTAGTACCCTGGACAGCGACACTGAAGCTTTCTTTGGACAA
372;AGTTCTAAGAAGCTCCTTCTCAGTGACTCTGGCTTCTATCTCTGTGCCTGGGCGGGGCAGAACAATCAGCCCCAGCATTTTGGTGAT
373;ATCAATTCCCTGGAGCTTGGTGACTCTGCTGTGTATTTCTGTGCCAGCAGCCATGCAAGGGGGAATTCACCCCTCCACTTTGGGAAC
374;CTGACAGTGACCAGTGCCCATCCTGAAGACAGCAGCTTCTACATCTGCAGTGCTGGTCAGGGAAATCAGCCCCAGCATTTTGGTGAT
375;CTGGAGTCGGCTGCTCCCTCCCAGACATCTGTGTACTTCTGTGCCAGCAGTTCACAGGGGGCAGGGCAGCCCCAGCATTTTGGTGAT
376;GTGAACGCCTTGGAGCTGGACGACTCGGCCCTGTATCTCTGTGCCAGCAGCTTAGGGGGCGGATACAATGAGCAGTTCTTCGGGCCA
377;GTGAACGCCTTGTTGCTGGGGGACTCGGCCCTGTATCTCTGTGCCGTCGAAGCGCTCCGGGGGAATGAAAAACTGTTTTTTGGCAGT
378;TCCCTGATTCTGGAGTCCGCCAGCACCAACCAGACATCTATGTACCTCTGTGCCAGCAGTTTTCGGGGGGACTACACCTTCGGTTCG
379;TGGGAGGCGGCTGCTCCCTCCCAAACATCTGTGTACTTCTGTGCCAGCAGTTCACAGGGGGCAGGGCAGCCCCAGCATTTTGGTGAT
380;ACGATTCAGCGCACAGAGCAGCGGGACTCAGCCATGTATCGCTGTGCTAGCAGCAGGGACAGACAAGAGACCCAGTACTTCGGGCCA
381;ACTCTGACTGTGAGCAACATGAGCCCTGAAGACAGCAGCATATATCTCTGCAGCGGTACTAGGTCCAATGAGCAGTTCTTCGGGCCA
382;AGCACCTTGGAGCTGGGGGACTCGGCCCTTTATCTTTGCGCCAGCAGGCGTAGCGGGGGGGTCTACAATGAGCAGTTCTTCGGGCCA
383;AGCTCTCTGGAGCTGGGGGACTCAGCTTTGTATTTCTGTGCCAGCAGCGTTCGGGACAGGGCTAATTCACCCCTCCACTTTGGGAAC
384;ATCCAGCGCACAGAGCAGGGGGACTCGGCCATGTATCTCTGTGCCAGCAGCGACGGGACAGGGGGCGACGAGCAGTACTTCGGGCCG
385;CAGCGCACAGAGCGGGGGGACTCAGCCGTGTATCTCTGTGCCAGCAGGGGACAGATCTCTGGGGCCAACGTCCTGACTTTCGGGGCC
386;CCTGCAGAACTGGAGGATTCTGGAGTTTATTTCTGTGCCAGCAGCCAAGCTCTAGAGAGCTCCTACAATGAGCAGTTCTTCGGGCCA
387;CTGACTGTGAGCAACATGAGCCCTGAAGACAGCAGCATATATCTCTGCAGCGTTCAGTCAGGGCCAGAGACCCAGTACTTCGGGCCA
388;CTGCAGCCAGAAGACTCGGCCCTGTATCTCTGTGCCAGCAGCCAAGATGGGCTAGCGGGTAACACCGGGGAGCTGTTTTTTGGAGAA
389;CTGGAGTTGGCTGCTCCCTCCCAGACATCTGTGTACTTCTGTGCCAGCCGGGGGGCTTTGAACACCGGGGAGCTGTTTTTTGGAGAA
390;GAGTCGGCTGCTCCCTCCCAGACATCTGTGTACTTCTGTGCCAGCAGTGAGGGACTCTATAGCTACTATGGCTACACCTTCGGTTCG
391;ATCCAGCGCACACAGCAGGAGGACTCGGCCGTGTATCTCTGTGCCAGCAGCCTCCGAGGAACTGGAAACACCATATATTTTGGAGAG
392;ATCCAGCGCACAGAGCAGGGGGACTCGGCCATGTATCTCTGTGCCAGCAGCTTACCGGGACAGAACACTGAAGCTTTCTTTGGACAA
393;CTGATCCTGGAGTCGCCCAGCCCCAACCAGACCTCTCTGTACTTCTGTGCCAGCAGTTTGGGAGGGTACGAGCAGTACTTCGGGCCG
394;GACCTCCCCCTCACTCTGGAGTCTGCTGCCTCCTCCCAGACATCTGTATATTTCTGCCCCATTGAGCACGAGCAGTACTTCGGGCCG
395;GCCCTGCAGCCAGAAGACTCAGCCCTGTATCTCTGCGCCAGCAGCCAAGTTATGACTTCAAGCTCCTACGAGCAGTACTTCGGGCCG
396;AAGATCCGGTCCACAAAGCTGGAGGACTCAGCCATGTACTTCTGTGCCAGCAGTGAGCAGGCACCCTATGGCTACACCTTCGGTTCG
397;ACCAGTGCCCATCCTGAAGACAGCAGCTTCTACATCTGCAGTGCTAGAGATCTTGACGGGGGCCACACTGAAGCTTTCTTTGGACAA
398;CACCTACACACCCTGCAGCCAGAAGACTCGGCCCTGTATCTCTGCGCCAGCAGCCAGGGACGAGATCAGCCCCAGCATTTTGGTGAT
399;CACGCCCTGCAGCCAGAAGACTCAGCCCTGTATCTCTGCGCCAGCAGCCTGGAAGGGAGGGGGTCTGTTGGCTACACCTTCGGTTCG
400;CTAAACCTGAGCTCTCTGGAGCTGGGGGACTCAGCTTTGTATTTCTGTGCCAGCAGCTCGAGCGGGAACGAGCAGTTCTTCGGGCCA
401;CTGACGATCCAGCGCACACAGCAGGAGGACTCGGCCGTGTATCTCTGTGCCAGCAGCCAAAGGCCCGGGGAGCTGTTTTTTGGAGAA
402;CTGGAGTCGGCTGCTCCCTCCCAGACATCTGTGTACTTCTGTGCCAGCAGTGGGTTAGGGGCGACTCAGCCCCAGCATTTTGGTGAT
403;CTGGAGTTGGCTGCTCCCTCCCAGACATCTGTGTACTTCTGTGCCAGCAGTTACTCGAGGATAGACTATGGCTACACCTTCGGTTCG
404;CTGGAGTTGGCTGCTCCCTCCCAGACATCTGTGTACTTCTGTGCCAGCAGTTCACAGGGGGCAGGGCAGCCCCAGCATTTTGGTGAT
405;GAGTCGGCTGCTCCCTCCCAGACATCTGTGTACTTCTGTGCCAGCAGTGTAAATCCGGGCGGAACCTACGAGCAGTACTTCGGGCCG
406;GCTGCTCCCTCCCAGACATCTGTGTACTTCTGTGCCAGCAGTTACAAGGCGAGTCGGCCTTCTAATTCACCCCTCCACTTTGGGAAC
407;TCGGCTGCTCCCTCCCAGACATCTGTGTACTTCTGTGCCAGCAGGGCCGGGACAGGGGATAGCAATCAGCCCCAGCATTTTGGTGAT
408;AACATGAGCCCTGAAGACAGCAGCATATATCTCTGCAGCGTTGAAGATCCCGGGGCAAGCTCCTACAATGAGCAGTTCTTCGGGCCA
409;AATTCCCTGGAGCTTGGTGACTCTGCTGTGTATTTCTGTGCCAGCAGCCAAGATCTCGCACTGGGAAACACCATATATTTTGGAGAG
410;CTACACGCCCTGCAGCCAGAAGACTCAGCCCTGTATCTCTGCGCCAGCAGTCTCACGGCGGTTGGAAACACCATATATTTTGGAGAG
411;CTCAGGCTGGAGTCGGCTGCTCCCTCCCAGACATCTGTGTACTTCTGTGCCAGCAGTTTTTCCGGGACTAGCCCGTTCTTCGGGCCA
412;GAGATCCAGCGCACAGAGCAGGGGGACTCGGCCATGTATCTCTGTGCCTCGCGGCGGACAGGCCAATACGAGCAGTACTTCGGGCCG
413;GAGTCCGCCAGCACCAACCAGACATCTATGTACCTCTGTGCCAGCAGCCCCGGGGCAGGGAAAGGATCACCCCTCCACTTTGGGAAC
414;GAGTCGCCCAGCCCCAACCAGACCTCTCTGTACTTCTGTGCCAGCAGTTTAAGGGTTATCCCTTGCAACACCATATATTTTGGAGAG
415;GAGTCGGCTGCTCCCTCCCAAACATCTGTGTACTTCTGTGCCAGCAGTTACTCCCAGGGGGAGGATCAGCCCCAGCATTTTGGTGAT
416;GTGAACGCCTTGGAGCTGGAGGACTCGGCCCTGTATCTCTGTGCCAGCAGCCCGGGGATCTATAATTCACCCCTCCACTTTGGGAAC
417;TCACCAGGCCTGGGGGACGCAGCCATGTACCTGTGTGCCACCAGCAGAGATCCAGGGGCAACTAATGAAAAACTGTTTTTTGGCAGT
418;AATGTGAGCACCTTGGAGCTGGGGGACTCGGCCCTTTATCTTTGCGCCAGCAGCAACTATGGAGACTATGGCTACACCTTCGGTTCG
419;CACACCCTGCAGCCAGAAGACTCGGCCCTGTATCTCTGCGCCAGCAGCCAAGATTCAGGGTTTTCCTACGAGCAGTACTTCGGGCCG
420;CACGCCCTGCAGCCAGAAGACTCAGCCCTGTATCTCTGCGCCAGCAGCCCACGGGGGCTGAACACCGGGGAGCTGTTTTTTGGAGAA
421;CGCACAGAGCGGGGGGACTCAGCCGTGTATCTCTGTGCCAGCAGCTTAACGCCTACATCTTACCCCTATGGCTACACCTTCGGTTCG
422;CTACACACCCTGCAGCCAGAAGACTCGGCCCTGTATCTCTGCGCCAGCAGCCAAGAAAAAGACACCGGGGAGCTGTTTTTTGGAGAA
423;CTAGAGTCTGCCATCCCCAACCAGACAGCTCTTTACTTCTGTGCCACCGATGAAGGGTCCGCCACAGATACGCAGTATTTTGGCCCA
424;CTGAATGTGAACGCCTTGGAGCTGGACGACTCGGCCCTGTATCTCTGTGCCAGCAGCTTTCGTCCCGGGGAGCTGTTTTTTGGAGAA
425;GAGTCCGCCAGCACCAACCAGACATCTATGTACCTCTGTGCCAGCAGTCCCCCCCAGGGGGGGAGGGAAAAACTGTTTTTTGGCAGT
426;GAGTCGGCTGCTCCCTCCCAGACATCTGTGTACTTCTGTGCCAGCAGTGAGGGGAGCGGGGGGATAAATGAGCAGTTCTTCGGGCCA
427;GAGTCTGCCAGGCCCTCACATACCTCTCAGTACCTCTGTGCCAGCAGTAAACTAGCGGGGGGTACCTACGAGCAGTACTTCGGGCCG
428;TCGGCTGCTCCCTCCCAGACATCTGTGTACTTCTGTGCCAGCAGTTACAACGGACAGGGGAGGTACAATGAGCAGTTCTTCGGGCCA
429;AATTCCCTGGAGCTTGGTGACTCTGCTGTGTATTTCTGTGCCAGCAGCCGGAGGGAGGCAGGGTATTCACCCCTCCACTTTGGGAAC
430;AGTTCTAAGAAGCTCCTTCTCAGTGACTCTGGCTTCTATCTCTGTGCCTGGAGTGTCACAAAGAACACTGAAGCTTTCTTTGGACAA
431;ATCCGGTCCACAAAGCTGGAGGACTCAGCCATGTACTTCTGTGCCAGCAAGTCCGTACAAACCACCGGGGAGCTGTTTTTTGGAGAA
432;CGCACACAGCAGGAGGACTCCGCCGTGTATCTCTGTGCCAGCAGCTTAGCGTCAACAGGGGGTCGAACTGAAGCTTTCTTTGGACAA
433;CGGTCCACAAAGCTGGAGGACTCAGCCATGTACTTCTGTGCCAGCACTCGGAAATTAGCGGGGACCGACGAGCAGTACTTCGGGCCG
434;CGGTCCACAAAGCTGGAGGACTCAGCCATGTACTTCTGTGCCAGCCGTAGCGGGGGGGCAGTCGGTGAGACCCAGTACTTCGGGCCA
435;CTGCTGTCGGCTGCTCCCTCCCAGACATCTGTGTACTTCTGTGCCAGCAGTTCACAGGGGGCAGGGCAGCCCCAGCATTTTGGTGAT
436;CTGGGGTTGGAGTCGGCTGCTCCCTCCCAAACATCTGTGTACTTCTGTGCCAGCACCTTTCCCCAAGGTACGCAGTATTTTGGCCCA
437;GCCCTGCAGCCAGAAGACTCAGCCCTGTATCTCTGCGCCAGCAGCCTCATGACTAGCGGGGGCCAAGAGACCCAGTACTTCGGGCCA
438;GCGCCCAGCCCCAACCAGACCTCTCTGTACTTCTGTGCCAGCAGTCCATCCCTCGGGGCCAGGGCGGCCGAGCAGTACTTCGGGCCG
439;GGGTTGGAGTCGGCTGCTCCCTCCCAAACATCTGTGTACTTCTGTGCCAGCACTCCTTCGGCCTCCTACGAGCAGTACTTCGGGCCG
440;TCTCTGGAGCTGGGGGACTCAGCTTTGTATTTCTGTGCCAGCAGCGCAAGGGGATTACAGGACGCAGCTGAAGCTTTCTTTGGACAA
441;AAGATCCGGTCCACAAAGCTGGAGGACTCAGCCATGTACTTCTGTGCCAGCAAAGGTTCAGGGTTGGTTGGGGCTTTCTTTGGACAA
442;AATGTGAACGCCTTGTTGCTGGGGGACTCGGCCCTGTATCTCTGTGCCAGCAGCTTGGTTCCAGGGGAGACCCAGTACTTCGGGCCA
443;ACAGTGACCAGTGCCCATCCTGAAGACAGCAGCTTCTACATCTGCAGTGCTAGGACAGGGCTGAACACTGAAGCTTTCTTTGGACAA
444;ATCCAGCGCACAGAGCAGGGGGACTCGGCCATGTATCTCTGTGCCAGCAGCTTAGTACTAAGCCCATACGAGCAGTACTTCGGGCCG
445;CACACCCTGCAGCCAGAAGACTCGGCCCTGTATCTCTGCGCCAGCAGCCAAGATCTCCTAGGCGGTTCACCCCTCCACTTTGGGAAC
446;CACACCCTGCAGCCAGAAGACTCGGCCCTGTATCTCTGTGCCAGCAGCCAAGGGCACGGGTCCCAAGAGACCCAGTACTTCGGGCCA
447;CACATCAATTCCCTGGAGCTTGGTGACTCTGCTGTGTATTTCTGTGCCAGCAGCCAAGTCAGAACCGGGGAGCTGTTTTTTGGAGAA
448;CAGCCTGCAGAACTGGAGGATTCTGGAGTTTATTTCTGTGCCAGCAGCCAAAGATACGGAAATAACTATGGCTACACCTTCGGTTCG
449;CTCAGGCTGCTGTCGGCTGCTCCCTCCCAGACATCTGTGTACTTCTGTGCCAGCACCTTTCCCCAAGGTACGCAGTATTTTGGCCCA
450;CTGACAGTGACCAGTGCCCATCCTGAAGACAGCAGCTTCTACATCTGCAGTGCTAAAAGGGGGTACACTGAAGCTTTCTTTGGACAA
451;CTGAGCGCTCTGGAGCTGGGGGACTCAGCTTTGTATTTCTGTGCCAGCAGCGTCTTGGCGGGGGGGCATGAGCAGTTCTTCGGGCCA
452;CTGCAGCCAGAAGACTCAGCCCTGTATCTCTGCGCCAGCAGCCAAGAAAGGCTCAGGGGATTTAGTCAGCCCCAGCATTTTGGTGAT
453;CTGGAGCTGGGGGACTCAGCTTTGTATTTCTGTGCCAGCAGCGTAGGAGGTAGTGGGTCATCGGGAAACACCATATATTTTGGAGAG
454;GCTGCTCCCTCCCAGACATCTGTGTACTTCTGTGCCAGCAGTTATGATCCGAGGGGCTATAGCAATCAGCCCCAGCATTTTGGTGAT
455;GGGGACTCAGCCGTGTATCTCTGTGCCAGCAGCTTGTCCCCGGACAGGGATCCGCTATCCTATAATTCACCCCTCCACTTTGGGAAC
456;GTGAACGCCTTGTTGCTGGGGGACTCGGCCCTGTATCTCTGTGCCAGCAGAGCCGGGACAGGGGTACTAGAGCAGTACTTCGGGCCG
457;GTGACCAGTGCCCATCCTGAAGACAGCAGCTTCTACATCTGCAGTGCTCGACCGGTGCCGAACACCGGGGAGCTGTTTTTTGGAGAA
458;TCGGCCCAAAAGAACCCGACAGCTTTCTATCTCTGTGCCAGTAGTATCGCGACAGGGGTCGGGGGCAATGAGCAGTTCTTCGGGCCA
459;AATTCCCTGGAGCTTGGTGACTCTGCTGTGTATTTCTGTGCCAGCAGCCAAGATACCGGGCCTAGAAACACCATATATTTTGGAGAG
460;ACACAGCAGGAGGACTCCGCCGTGTATCTCTGTGCCAGCAGCTCTGGGGCTAGCGGGGCCGCGAGAGAGACCCAGTACTTCGGGCCA
461;ACTCTGGAGTCCGCTACCAGCTCCCAGACATCTGTGTACTTCTGTGCCATCAGTGTAGGAGGGGGCACTGAGCAGTTCTTCGGGCCA
462;ATCCAGCCCTCAGAACCCAGGGACTCAGCTGTGTACTTCTGTGCCAGCAGTCGCAGGGGTTCCAATCAGCCCCAGCATTTTGGTGAT
463;CGCACAGAGCAGGGGGACTCGGCCATGTATCTCTGTGCCAGCAGCTTTAAACAAACGGCGGGGAAAGAGACCCAGTACTTCGGGCCA
464;CGCACAGAGCGGGGGGACTCAGCCGTGTATCTCTGTGCCAGCAGCCGACGGGGGGGACCTAGCACAGATACGCAGTATTTTGGCCCA
465;CTGAAGATCCGGTCCACAAAGCTGGAGGACTCAGCCATGTACTTCTGTGCCAGCAGTCGGGAAAACACTGAAGCTTTCTTTGGACAA
466;CTGCTGTCGGCTGCTCCCTCCCAGACATCTGTGTACTTCTGTGCCAGCAGTTACGTCCGGGGGCGGGATACGCAGTATTTTGGCCCA
467;GAGTCCGCCAGCACCAACCAGACATCTATGTACCTCTGTGCCAGCAGGTTGGACAGTGGGACGAACTATGGCTACACCTTCGGTTCG
468;GAGTCGCCCAGCCCCAACCAGACCTCTCTGTACTTCTGTGCCAGCAGTACCTACAGGCCGGGGGACTATGGCTACACCTTCGGTTCG
469;GTGAACGCCTTGTTGCTGGGGGACTCGGCCCTCTATCTCTGTGCCAGCAGCTTGGGTCGGTACACAGATACGCAGTATTTTGGCCCA
470;GTGAGCACCTTGGAGCTGGGGGACTCGGCCCTTTATCTTTGCGCCAGCAGCTTGGCGGGGCCTCAATACGAGCAGTACTTCGGGCCG
471;GTGTCGGCTGCTCCCTCCCAGACATCTGTGTACTTGTGTGCCAGCACCCTGGGGCGCCTGAACTCCTACGAGCAGTACTTCGGGCCG
472;AAGATCCAGCCCTCAGAACCCAGGGACTCAGCTGTGTACTTCTGTGCCAGCAGTACAGGGGAGGGAACTGAAGCTTTCTTTGGACAA
473;AAGATCCAGCGCACACAGCAGGAGGACTCCGCCGTGTATCTCTGTGCCAGCAGCTTACGGGCGGAAGAGACCCAGTACTTCGGGCCA
474;AAGATCCGGTCCACAAAGCTGGAGGACTCAGCCATGTACTTCTGTGCCAGCAAGGCTAGCGGGGACCACGAGCAGTACTTCGGGCCG
475;CAGCCCTCAGAACCCAGGGACTCAGCTGTGTACTTCTGTGCCAGCAGTTTATCTACAGGGAACAATCAGCCCCAGCATTTTGGTGAT
476;CCCAGGGACTCAGCTGTGTACTTCTGTGCCAGCACCTCGGGGCCATCTGGGGTTAACCCAATGAACACTGAAGCTTTCTTTGGACAA
477;CTGGGGGTGGAGGCGGCTGCTCCCTCCCAAACATCTGTGTACTTCTGTGCCAGCAGTTTTTCCGGGACTAGCCCGTTCTTCGGGCCA
478;CTTCACATCAATTCCCTGGAGCTTGGTGACTCTGCTGTGTATTTCTGTGCCAGCAGCCAAGGGCCGCGCGAGCAGTACTTCGGGCCG
479;GCCCTGCAGCCAGAAGACTCAGCCCTGTATCTCTGCGCCAGCAGCCTGAGCGGGGGCCGTCGCACAGATACGCAGTATTTTGGCCCA
480;GCTCCCTCCCAGACATCTGTGTACTTCTGTGCCAGCAGTTACGCCCGCTTGGCGGGGGGGATGGACAATGAGCAGTTCTTCGGGCCA
481;GTGGAGTCGGCTGCTCCCTCCCAAACATCTGTGTACTTCTGTGCCAGCAACCAACAGGGGGCGGGCACTGAAGCTTTCTTTGGACAA
482;ACGATCCAGCGCACACAGCAGGAGGACTCGGCCGTGTATCTCTGTGCCAGCAGCCCTCGGTCGAATCAGCCCCAGCATTTTGGTGAT
483;ACTGTGACATCGGCCCAAAAGAACCCGACAGCTTTCTATCTCTGTGCCAGTGGCCCGACAGGGCCCTACGAGCAGTACTTCGGGCCG
484;ATCCAGCGCACACAGCAGGAGGACTCGGCCGTGTATCTCTGTGCCAGCAGCGATAATTCGGCTAACTATGGCTACACCTTCGGTTCG
485;CGCAGGCTGGAGGTGGCTGCTCCCTCCCAGACATCTGTGTACTTCTGTGCCAGCAGTTACGGGGGAGCCGGCTACACCTTCGGTTCG
486;CTGAAGATCCAGCCCTCAGAACCCAGGGACTCAGCTGTGTACTTCTGTGCCAGCAGTTTACAGGGTTACACCATATATTTTGGAGAG
487;CTGAAGGTGCAGCCTGCAGAACTGGAGGATTCTGGAGTTTATTTCTGTGCCAGCAGCCAAAATAATTCACCCCTCCACTTTGGGAAC
488;CTGGAGTCCGCTACCAGCTCCCAGACATCTGTGTACTTCTGTGCCACCTTACCGACAGGGGGAGGGTACGAGCAGTACTTCGGGCCG
489;CTGGAGTCGGCTGCTCCCTCCCAGACATCTGTGTACTTCTGTGCCAGCAGTGCGGGGGACAGACACTACGAGCAGTACTTCGGGCCG
490;GAGGCGGCTGCTCCCTCCCAAACATCTGTGTACTTCTGTGCCAGCAGTTACTCGCAGAAGCTCCAAGAGACCCAGTACTTCGGGCCA
491;GGGTTGGAGTCGGCTGCTCCCTCCCAAACATCTGTGTACTTCTGTGCCAGCAGTTACCAAAACACAGATACGCAGTATTTTGGCCCA
492;TCCACTCTGACAGTGACCAGTGCCCATCCTGAAGACAGCAGCTTCTACATCTGCAGTGCTAGAGTTGGCAGGTTGTTCTTCGGGGCC
493;AACGCCTTGGAGCTGGACGACTCGGCCCTGTATCTCTGTGCCAGCAGCTTGAGACAGGCCGGCGCCTACGAGCAGTACTTCGGGCCG
494;AATGTGAACGCCTTGTTGCTGGGGGACTCGGCCCTGTATCTCTGTGCCAGCAGCGGGACACTCCTGGGTGAGCAGTACTTCGGGCCG
495;ACCAGTGCCCATCCTGAAGACAGCAGCTTCTACATCTGCAGTGCTAGAGATACCTCCGGGGCCTACTATGGCTACACCTTCGGTTCG
496;AGCACCAACCAGACATCTATGTACCTCTGTGCCAGCAGTTCACAGGGACAGGGGAAGGGTTGGAATTCACCCCTCCACTTTGGGAAC
497;CACACCCTGCAGCCAGAAGACTCGGCCCTGTATCTCTGTGCCAGCAGCCGCGGGACAGGGGGCTCCTACGAGCAGTACTTCGGGCCG
498;CACATCAATTCCCTGGAGCTTGGTGACTCTGCTGTGTATTTCTGTGCCAGCAGCCAAGATAGGGATCAGCCCCAGCATTTTGGTGAT
499;CAGGTAGTGCGAGGAGATTCGGCAGCTTATTTCTGTGCCAGCTCACCACTTCTAGAGACCTCCTACAATGAGCAGTTCTTCGGGCCA
500;CTCAGGCTGGAGTTGGCTGCTCCCTCCCAGACATCTGTGTACTTCTGTGCCAGCAGTTTTTCCGGGACTAGCCCGTTCTTCGGGCCA
501;CTGAAGATCCGGTCCACAAAGCTGGAGGACTCAGCCATGTACTTCTGTGCCAGCAGTCCTACCAATCAGCCCCAGCATTTTGGTGAT
502;CTGACGATCCAGCGCACACAGCAGGAGGACTCGGCCGTGTATCTCTGTGCCAGCAGCCCGCAGGGGGATGGCTACACCTTCGGTTCG
503;CTGCTGTCGGCTGCTCCCTCCCAGACATCTGTGTACTTCTGTGCCAGCAGTCCAAGTCCAGGGAACTATGGCTACACCTTCGGTTCG
504;CTGGAGTCGGCTGCTCCCTCCCAGACATCTGTGTACTTCTGTGCCAGCAGTTCACAGGGGGCAGGACAGCCCCAGCATTTTGGTGAT
505;GACTCGGCCATGTATCTCTGTGCCAGCAGCTTATTGGACAGGGCATACATCGGGAGCTCCTATAATTCACCCCTCCACTTTGGGAAC
506;GTGAACGCCTTGGAGCTGGACGACTCGGCCCTGTATCTCTGTGCCAGCAGCTATTATACAGGGAACACTGAAGCTTTCTTTGGACAA
507;GTGAGCACCTTGGAGCTGGGGGACTCGGCCCTTTATCTTTGCGCCAGCAGCTCGGGACAGGGGGCGCTTGGCTACACCTTCGGTTCG
508;TCTAAGAAGCTCCTTCTCAGTGACTCTGGCTTCTATCTCTGTGCCTGGAGTCGGGTTAGCGGGGGGGATGAGCAGTTCTTCGGGCCA
509;AACGCCTTGTTGCTGGGGGACTCGGCCCTGTATCTCTGTGCCAGCAGCTTGTCAGGGGTTATGAACACTGAAGCTTTCTTTGGACAA
510;AAGATCCAGCCTGCAAAGCTTGAGGACTCGGCCGTGTATCTCTGTGCCAGCAGCTTCACAAACCAAGAGACCCAGTACTTCGGGCCA
511;AATGTGAACGCCTTGGAGCTGGACGACTCGGCCCTGTATCTCTGTGCCAGCAGAAAGGGGGCCAAGACTGAAGCTTTCTTTGGACAA
512;AATTCCCTGGAGCTTGGTGACTCTGCTGTGTATTTCTGTGCCAGCAGCCAAGATCGGGGGGCTGGAAACACCATATATTTTGGAGAG
513;ACCAGTGCCCATCCTGAAGACAGCAGCTTCTACATCTGCAGTGCTAGGAGGGCAGGGATTCCTGGAAACACCATATATTTTGGAGAG
514;ACGATCCAGCGCACACAGCAGGAGGACTCGGCCGTGTATCTCTGTGCCAGCAGCTTAGGGGTTACCACTGAAGCTTTCTTTGGACAA
515;ACTCTGACTGTGAGCAACATGAGCCCTGAAGACAGCAGCATATATCTCTGCAGCATCGTCCGTCAAGGAAAACTGTTTTTTGGCAGT
516;ACTCTGGAGTCCGCTACCAGCTCCCAGACATCTGTGTACTTCTGTGCCATCAGTGAAACAGGGGAAGGGGAGCTGTTTTTTGGAGAA
517;AGCTCTCTGGAGCTGGGGGACTCAGCTTTGTATTTCTGTGCCAGCAGCGTAGCCCTAGGTGAGCTGGATGAGCAGTTCTTCGGGCCA
518;CAGCGCACAGAGCAGGGGGACTCGGCCATGTATCTCTGTGCCAGCAGTGCGGGGACAGGGAATAATTCACCCCTCCACTTTGGGAAC
519;CTGAATGTGAACGCCTTGTTGCTGGGGGACTCGGCCCTGTATCTCTGTGCCAGCAGCTTGTCTCAGACTGAAGCTTTCTTTGGACAA
520;CTGCTGGGGTTGGAGTCGGCTGCTCCCTCCCAAACATCTGTGTACTTCTGTGCCAGCAGCCGGGGTGAAAAACTGTTTTTTGGCAGT
521;CTGCTGTCGGCTGCTCCCTCCCAGACATCTGTGTACTTCTGTGCCAGCAGACCGACAGGGAGGAATCAGCCCCAGCATTTTGGTGAT
522;CTGGAGTTGGCTGCTCCCTCCCAGACATCTGTGTACTTCTGTGCCAGCAGTTCACAGGGGGCAGGACAGCCCCAGCATTTTGGTGAT
523;GAACTAAACCTGAGCTCTCTGGAGCTGGGGGACTCAGCTTTGTATTTCTGTGCCAGCAGCGTGACAGATACGCAGTATTTTGGCCCA
524;GAGTTGGCTGCTCCCTCCCAGACATCTGTGTACTTCTGTGCCAGCAGTTACTCGAGGCCGGGGGGGGAAAAACTGTTTTTTGGCAGT
525;GCCTTGGAGCTGGACGACTCGGCCCTGTATCTCTGTGCCAGCAGCTCACAAGAACAGGGGGCAGTCGGTGGCTACACCTTCGGTTCG
526;GTGAGCAACATGAGCCCTGAAGACAGCAGCATATATCTCTGCAGCGTTGAAGATCTCGGGGTGAACACTGAAGCTTTCTTTGGACAA
527;TCCCAGACATCTGTGTACTTCTGTGCCATCAGTGAGTCGATGGGACAGGGCGTACGAGTCCTTAACTATGGCTACACCTTCGGTTCG
528;AAGCTTGAGGACTCGGCCGTGTATCTCTGTGCCAGCAGCAAATACCCCGGGACAGGGGGCTCTAATTCACCCCTCCACTTTGGGAAC
529;AATTCCCTGGAGCTTGGTGACTCTGCTGTGTATTTCTGTGCCAGCAGCCATCTGGGGGCAACTAATGAAAAACTGTTTTTTGGCAGT
530;ACCAGTGCCCATCCTGAAGACAGCAGCTTCTACATCTGCAGTGCTAGAAATGACCGAGGCTCCTACAATGAGCAGTTCTTCGGGCCA
531;AGGATCCAGCAGGTAGTGCGAGGAGATTCGGCAGCTTATTTCTGTGCCAGCTCACCAGGCCAGGACACTGAAGCTTTCTTTGGACAA
532;AGGCTGCTGGCGGCTGCTCCCTCCCAGACATCTGTGTACTTCTGTGCCAGCAGTTACTCGACCCTTGGGGGCTACACCTTCGGTTCG
533;AGGCTGGAGGCGGCTGCTCCCTCCCAGACATCTGTGTACTTCTGTGCCAGCGTCTGGACGGAAAGCTACGAGCAGTACTTCGGGCCG
534;ATGAATGTGAGCACCTTGGAGCTGGGGGACTCGGCCCTTTATCTTTGCGCCAGCAGCTTAGGGAACTATGGCTACACCTTCGGTTCG
535;CAGCGCACAGAGCAGGGGGACTCGGCCATGTATCTCTGTGCCAGCAGCGCACAGCCGGGACAGGCCTACGAGCAGTACTTCGGGCCG
536;CAGCGCACAGAGCGGGGGGACTCAGCCGTGTATCTCTGTGCCAGCAGCCAAGGGGCACAAATTTACAATGAGCAGTTCTTCGGGCCA
537;CATCCTGAAGACAGCAGCTTCTACATCTGCAGTGCTAGTTCCCGGACAGGGGGCGTAAAAGGGGCCAACGTCCTGACTTTCGGGGCC
538;CTCAGGCTGGAGTCGGCTGCTCCCTCCCAAACATCTGTGTACTTCTGTGCCAGCAGTTTTTCCGGGACTAGCCCGTTCTTCGGGCCA
539;CTGAGCTCTCTGGAGCTGGGGGACTCAGCTTTGTATTTCTGTGCCAGCAGCGTAGAAGGAGACTCCTACGAGCAGTACTTCGGGCCG
540;CTGAGTTCTAAGAAGCTCCTTCTCAGTGACTCTGGCTTCTATCTCTGTGCCTGGGAAAGGAAGGGCAACGAGCAGTACTTCGGGCCG
541;CTGGAGCTGGGGGACTCAGCTTTGTATTTCTGTGCCAGCAGCGAGGGACAGGCATACTCTGGGGCCAACGTCCTGACTTTCGGGGCC
542;CTGGAGTCGGCTGCTCCCTCCCAGACATCTGTGTACTTCTGTGCCAGCAGTGATCAAGCGGGGGGTGTGGCCCAGTACTTCGGGCCA
543;GAGTCTGCCATCCCCAACCAGACAGCTCTTTACTTCTGTGCCACCAGTGACCGCGAGGGTAGAATGGAGACCCAGTACTTCGGGCCA
544;GAGTCTGCCATCCCCAACCAGACAGCTCTTTACTTCTGTGCCACCAGTGATTTGGGGGGGGACCAAGAGACCCAGTACTTCGGGCCA
545;GAGTTGGCTGCTCCCTCCCAGACATCTGTGTACTTCTGTGCCAGCAGTTACTCGAGATCCGGTTCGGATACGCAGTATTTTGGCCCA
546;GCCCTGCAGCCAGAAGACTCAGCCCTGTATCTCTGCGCCAGCAGCCAAGAGGTGACTAGCGGAATTTACGAGCAGTACTTCGGGCCG
547;GGCCTGGGGGACGCAGCCATGTACCTGTGTGCCACCAGCAGAGATACTCCCGGGGGCGGGGTCGACGAGACCCAGTACTTCGGGCCA
548;GGGTTGGAGTCGGCTGCTCCCTCCCAAACATCTGTGTACTTCTGTGCCAGCAGACGACAGGGGGACTATGGCTACACCTTCGGTTCG
549;GTGACCAGTGCCCATCCTGAAGACAGCAGCTTCTACATCTGCAGTGCAATAACAGGGGGCGCGGATCAGCCCCAGCATTTTGGTGAT
550;TCGGCTGCTCCCTCCCAGACATCTGTGTACTTCTGTGCCAGCAAGAGTTCCGAGACAGGGCTCAATCAGCCCCAGCATTTTGGTGAT
551;ACCTTGGAGCTGGGGGACTCGGCCCTTTATCTTTGCGCCAGCAGCTTGGGGTTGGTACGGACCCAAGAGACCCAGTACTTCGGGCCA
552;ACTGTGACATCGGCCCAAAAGAACCCGACAGCTTTCTATCTCTGTGCCAGTAGTATACGACAGGGGGCCGCGAAGTATTTTGGCCCA
553;AGCTCTCTGGAGCTGGGGGACTCAGCTTTGTATTTCTGTGCCAGCAGCGTAGGGACTAGCGGAGCAGATACGCAGTATTTTGGCCCA
554;AGTGCCCATCCTGAAGACAGCAGCTTCTACATCTGCAGTGCTAGAGATCCCCCGGGACAGGGGAACAATGAGCAGTTCTTCGGGCCA
555;ATCCAGTCCACGGAGTCAGGGGACACAGCACTGTATTTCTGTGCCAGCAGCAAAGGTCCCAGTCCCGGCGAGCAGTACTTCGGGCCG
556;CACCTACACACCCTGCAGCCAGAAGACTCGGCCCTGTATCTCTGTGCCAGCAGCCAAGGGGGGAGCTATGGCTACACCTTCGGTTCG
557;CAGCGCACAGAGCAGGGGGACTCGGCCATGTATCTCTGTGCCAGCAGCTTAGTCCGGGGATATCAAGAGACCCAGTACTTCGGGCCA
558;CTCAGGCTGCTGTCGGCTGCTCCCTCCCAGACATCTGTGTACTTCTGTGCCAGCAGTTTTTCCGGGACTAGCCCGTTCTTCGGGCCA
559;CTGCTGTCGGCTGCTCCCTCCCAGACATCTGTGTACTTCTGTGCCAGCAGTTCCCAGGGGGGGAACTATGGCTACACCTTCGGTTCG
560;CTGGAGTTGGCTGCTCCCTCCCAGACATCTGTGTACTTCTGTGCCAGCAGCCACACGGGCGCGGGCACTGAAGCTTTCTTTGGACAA
561;CTGGAGTTGGCTGCTCCCTCCCAGACATCTGTGTACTTCTGTGCCAGCAGTCCCCTGGGACAGGCGACTGAAGCTTTCTTTGGACAA
562;GTAGTGCGAGGAGATTCGGCAGCTTATTTCTGTGCCAGCTCACCATCGAGACAGTCTAGTGGGGATCAGCCCCAGCATTTTGGTGAT
563;GTGAACGCCTTGGAGCTGGAGGACTCGGCCCTGTATCTCTGTGCCAGCGGAAGGGGTTGGACTAATGAAAAACTGTTTTTTGGCAGT
564;GTGACCAGTGCCCATCCTGAAGACAGCAGCTTCTACATCTGCAGTGCTAGAGAGGGGGCGGATAATTCACCCCTCCACTTTGGGAAC
565;TCGGCTGCTCCCTCCCAGACATCTGTGTACTTCTGTGCCAGCAGGAAGCAGGGGGATTTTGCTGGAAACACCATATATTTTGGAGAG
566;TCTAAGAAGCTCCTTCTCAGTGACTCTGGCTTCTATCTCTGTGCCCTCCCGGGACTAGCCGACACCGGGGAGCTGTTTTTTGGAGAA
567;TCTAAGAAGCTCCTTCTCAGTGACTCTGGCTTCTATCTCTGTGCCTGGAGTAAGGGCGAGGGGGAAGAGACCCAGTACTTCGGGCCA
568;AACGCCTTGGAGCTGGACGACTCGGCCCTGTATCTCTGTGCCAGCAGACGGGGGGGAGGAAACACAGATACGCAGTATTTTGGCCCA
569;AAGATCCAGCGCACAGAGCGGGGGGACTCAGCCGTGTATCTCTGTGCCAGCAGCCCTAACAGGCGGACTGAAGCTTTCTTTGGACAA
570;AAGATCCGGTCCACAAAGCTGGAGGACTCAGCCATGTACTTCTGTGCCAGCAGCAGGTCCCTGAACACTGAAGCTTTCTTTGGACAA
571;AATTCCCTGGAGCTTGGTGACTCTGCTGTGTATTTCTGTGCCAGCAGCCAATACAGGAGGGTTGAGGAGACCCAGTACTTCGGGCCA
572;ACAGAGCAGGGGGACTCGGCCATGTATCTCTGTGCCAGCAGCTCTGGGGCTAGCGGGGCCGCGAGAGAGACCCAGTACTTCGGGCCA
573;ACCAGTGCCCATCCTGAAGACAGCAGCTTCTACATCTGCAGTGCTAGATTCGCGGGGTGGGCCTACAATGAGCAGTTCTTCGGGCCA
574;ACCTTGGAGATCCAGCGCACAGAGCAGGGGGACTCGGCCATGTATCTCTGTGCCAGCAGCTCAGCCTACGAGCAGTACTTCGGGCCG
575;ACTGTGACATCGGCCCAAAAGAACCCGACAGCTTTCTATCTCTGTGCCAGTAGTCTAACTAGCGGCTACGAGCAGTACTTCGGGCCG
576;AGGCTGCTGTCGGCTGCTCCCTCCCAGACATCTGTGTACTTCTGTGCCAGCAGTTTGGGGCAGGGCCCTGAAGCTTTCTTTGGACAA
577;ATCCAGCCCTCAGAACCCAGGGACTCAGCTGTGTACTTCTGTGCCAGCAGCCGGGACAGAGACTCCTACGAGCAGTACTTCGGGCCG
578;ATCCAGCGCACACAGCAGGAGGACTCGGCCGTGTATCTCTGTGCCAGCAGCTTAGGGACAGATAATTCACCCCTCCACTTTGGGAAC
579;ATCCAGCGCACAGAGCAGGGGGACTCGGCCATGTATCTCTGTGCCAGCAGCTTATTTTCCCGGGGGGAGACCCAGTACTTCGGGCCA
580;ATCCAGCGCACAGAGCGGGGGGACTCAGCCGTGTATCTCTGTGCCAGCAGCTCGACTAGGCCCACAGATACGCAGTATTTTGGCCCA
581;ATCCGGTCCACAAAGCTGGAGGACTCAGCCATGTACTTCTGTGCCAGCAGGAGGACAGCCTGGAATGAAAAACTGTTTTTTGGCAGT
582;CACAGAGCGGGGGACTCAGCCGTGTATCTCTGTGCCAGCAGCTCTGGGGCTAGCGGGGCCGCGAGAGAGACCCAGTACTTCGGGCCA
583;CAGACATCTATGTACCTCTGTGCCAGCAGTTTGGCAGGGAGCTTTAGGAAGGTCGTCCCTAGCACAGATACGCAGTATTTTGGCCCA
584;CAGCAGGTAGTGCGAGGAGATTCGGCAGCTTATTTCTGTGCCAGCTCCGTCGGGGCAGGGGGCAACTATGGCTACACCTTCGGTTCG
585;CGCACAGAGCAGGGGGACTCGGCCATGTATCTCTGTGCCAGCAGCTGGCTAGGCGGGGATATCTCCTACGAGCAGTACTTCGGGCCG
586;CTACACGCCCTGCAGCCAGAAGACTCAGCCCTGTATCTCTGCGCCAGCAGCCAAGCGGGGAGCTCCTACGAGCAGTACTTCGGGCCG
587;CTGCTGTCGGCTGCTCCCTCCCAGACATCTGTGTACTTCTGTGCCAGCAGTTCACAGGGGGCAGGACAGCCCCAGCATTTTGGTGAT
588;CTGGAGTCCGCTACCAGCTCCCAGACATCTGTGTACTTCTGTGCCAACCGTTATTCAGATCAATACAATGAGCAGTTCTTCGGGCCA
589;CTGGAGTTGGCTGCTCCCTCCCAGACATCTGTGTACTTCTGTGCCAGCAGTTACTCCGGACAGTCCTATGGCTACACCTTCGGTTCG
590;CTGGGGTTGGAGGCGGCTGCTCCCTCCCAAACATCTGTGTACTTCTGTGCCAGCAGTCATGGACAGGGCCGAGCTTTCTTTGGACAA
591;GAGATCCAGCGCACACAGCAGGAGGACTCGGCCGTGTATCTCTGTGCCAGCAGCTTCACAAACCAAGAGACCCAGTACTTCGGGCCA
592;GAGATCCAGCGCACAGAGCAGGGGGACTCGGCCATGTATCTCTGTGCCAGCAGCTTCACAAACCAAGAGACCCAGTACTTCGGGCCA
593;GAGTCGCCCAGCCCCAACCAGACCTCTCTGTACTTCTGTGCCAGCAGTTTACTAGGGGATTTGGGTCAGCCCCAGCATTTTGGTGAT
594;GAGTCGCCCAGCCCCAACCAGACCTCTCTGTACTTCTGTGCCAGCAGTTTATTGCAGGACAACACCGGGGAGCTGTTTTTTGGAGAA
595;GCCCTGCAGCCAGAAGACTCAGCCCTGTATCTCTGCGCCAGCAGCCAAGAAGAGGGCAGCCTCAATCAGCCCCAGCATTTTGGTGAT
596;GCCTTGTTGCTAGGGGACTCGGCCCTCTATCTCTGTGCCAGCAGCTTGTCAATAAGACAGGGGAGGCAGACCCAGTACTTCGGGCCA
597;AAGATCCAGCGCACAGAGCGGGGGGACTCAGCCGTGTATCTCTGTGCCAGCAGCTTATTTTCTGGGTATGGCTACACCTTCGGTTCG
598;AATGTGAGCACCTTGGAGCTGGGGGACTCGGCCCTTTATCTTTGCGCCAGCAGCTTGGGTAGCAATCAGCCCCAGCATTTTGGTGAT
599;ACAGTGACCAGTGCCCATCCTGAAGACAGCAGCTTCTACATCTGCAGTGCCCTGGTGGACGCGGGGACTGAAGCTTTCTTTGGACAA
600;AGGCTGCTGTCGGCTGCTCCCTCCCAGACATCTGTGTACTTCTGTGCCAGCAGTTACTCCCCAATTGTGCCCCAGCATTTTGGTGAT
601;ATCCAGCGCACAGAGCAGCGGGACTCGGCCATGTATCGCTGTGCCAGCAGCAAGCAGGATGGGAACACTGAAGCTTTCTTTGGACAA
602;ATCCAGTCCACGGAGTCAGGGGACACAGCACTGTATTTCTGTGCCAGCAGCCGACAGGGGGGACACTATGGCTACACCTTCGGTTCG
603;ATCCGGTCCACAAAGCTGGAGGACTCAGCCATGTACTTCTGTGCCAGCAGTGAAGAGGTTGGGGTCTATGGCTACACCTTCGGTTCG
604;CAGCAGGTAGTGCGAGGAGATTCGGCAGCTTATTTCTGTGCCAGCTCACCGAATGGACTGACCAAATATGGCTACACCTTCGGTTCG
605;CAGCCTGCAAAGCTTGAGGACTCGGCCGTGTATCTCTGTGCCAGCAGCTTAGATCGGCAGCCTGTCTACGAGCAGTACTTCGGGCCG
606;CAGGTAGTGCGAGGAGATTCGGCAGCTTATTTCTGTGCCAGCTCACCCCTTAGGGGCGTTAACACCGGGGAGCTGTTTTTTGGAGAA
607;CCCTCAGAACCCAGGGACTCAGCTGTGTACTTCTGTGCCAGCAGTTTAGCGCCCCCAGGCAGTAATCAGCCCCAGCATTTTGGTGAT
608;CGCACAGAGCGGGGGGACTCAGCCGTGTATCTCTGTGCCAGCAGCTTATTCTTCTCCCTAGCCACAGATACGCAGTATTTTGGCCCA
609;CTGGAGTCTGCTGCCTCCTCCCAGACATCTGTATATTTCTGCGCCAGCAGCCCCTCGGGGTCTAACTATGGCTACACCTTCGGTTCG
610;CTGGAGTCTGCTGCCTCCTCCCAGACATCTGTATATTTCTGCGCCAGCAGTGACCCGGACCGACCCTACGAGCAGTACTTCGGGCCG
611;CTTGGTGACTCTGCTGTGTATTTCTGTGCCAGCAGCCAAGCAGGGCGGGGCGGGGGGGCCTTTAGTAAGACCCAGTACTTCGGGCCA
612;GAACTGGAGGATTCTGGAGTTTATTTCTGTGCCAGCAGCCTTAAGATGATGCTAGCGGGGGCTCAAGAGACCCAGTACTTCGGGCCA
613;GAGATCCAGCGCACAGAGCAGGGGGACTCGGCCATGTATCTCTGTGCCAGCAGCTTAGGACGGGACTATGGCTACACCTTCGGTTCG
614;GAGTCAGGGGACACAGCACTGTATTTCTGTGCCAGCAGCAAAGGGCATTTTCCGGGCCTCTCTGGAAACACCATATATTTTGGAGAG
615;GAGTCGGCTGCTCCCTCCCAGACATCTGTGTACTTCTGTGCCAGCAGGGGCGGGCTGGACGTTCGCTACGAGCAGTACTTCGGGCCG
616;TCCACTCTGACAGTGACCAGTGCCCATCCTGAAGACAGCAGCTTCTACATCTGCAGTGCCAACTACGATACGCAGTATTTTGGCCCA
617;TCCCTGGAGCTTGGTGACTCTGCTGTGTATTTCTGTGCCAGCAGTTGGACAGGGAGCTCCTATAATTCACCCCTCCACTTTGGGAAC
618;TCCGCTACCAGCTCCCAGACATCTGTGTACTTCTGTGCCATCAGTGGGAAGGGGCAGGGCTCTGGAAACACCATATATTTTGGAGAG
619;TCTAAGAAGCTCCTTCTCAGTGACTCTGGCTTCTATCTCTGTGCCTGGAGTCTCGGGACAGCCTTTCAAGGCTACACCTTCGGTTCG
620;TGTACCTTGGAGATCCAGTCCACGGAGTCAGGGGACACAGCACTGTATTTCTGTGCCAGCAGCAATCCTGAAGCTTTCTTTGGACAA
621;AAGATCCAGCGCACAGAGCGGGGGGACTCAGCCGTGTATCGCTGTGCTAGCAGCGTGACGAACACCGGGGAGCTGTTTTTTGGAGAA
622;AATGTGAACGCCTTGTTGCTGGGGGACTCGGCCCTCTATCTCTGTGCCAGCAGCCTCACGACTATAGATACGCAGTATTTTGGCCCA
623;ACAGTGACCAGTGCCCATCCTGAAGACAGCAGCTTCTACATCTGCAGTGCTAATAGACTAGAGAGAGAGACCCAGTACTTCGGGCCA
624;ACCAGTGCCCATCCTGAAGACAGCAGCTTCTACATCTGCAGTGCTAGTCCTATAGCGGGGAGCTCCTACGAGCAGTACTTCGGGCCG
625;ACGATTCAGCGCACAGAGCAGCGGGACTCAGCCATGTATCGCTGTGCTAGCAGCCTATATCCAGGAGAGACCCAGTACTTCGGGCCA
626;ACTCTGACTGTGAGCAACATGAGCCCTGAAGACAGCAGCATATATCTCTGCAGCGCTAGGGGTAACTATGGCTACACCTTCGGTTCG
627;ACTGTGACATCGGCCCAAAAGAACCCGACAGCTTTCTATCTCTGTGCCAGTAGTCAGTGGGGGGCCGGGGAGCTGTTTTTTGGAGAA
628;AGCACCTTGGAGCTGGGGGACTCGGCCCTTTATCTTTGCGCCAGCAGCTTGGACAGGGGTGGTGGTGGCGAGCAGTACTTCGGGCCG
629;AGCTCCTTGGAGCTGGGGGACTCAGCCCTGTACTTCTGTGCCAGCAGCTCCAGCCGACTGGGAACCTATGGCTACACCTTCGGTTCG
630;ATCAATTCCCTGGAGCTTGGTGACTCTGCTGTGTATTTCTGTGCCAGCAGCCCACGGGGATTCGGTAATACGCAGTATTTTGGCCCA
631;ATCCAGCCTGCAGAGCTTGGGGACTCGGCCGTGTATCTCTGTGCCAGCAGCCGGGCGGGGGAGCCAAACATTCAGTACTTCGGCGCC
632;ATCCGGTCCACAAAGCTGGAGGACTCAGCCATGTACTTCTGTGCCAGCAGTGACTTTGCAGTCGCTAAGGGCTACACCTTCGGTTCG
633;CAGCCAGAAGACTCGGCCCTGTATCTCTGCGCCAGCAGCCAAGATCACCGGGCTTACGACAGGCCTTACGAGCAGTACTTCGGGCCG
634;CGCTCACCAGGCCTGGGGGACGCAGCCATGTACCTGTGTGCCACCAGCTACAGGAGAGGCTCTGGAAACACCATATATTTTGGAGAG
635;CTCAAGATCCAGCCTGCAAAGCTTGAGGACTCGGCCGTGTATCTCTGTGCCAGCAGCTTATCGAACTATGGCTACACCTTCGGTTCG
636;CTGAAGATCCGGTCCACAAAGCTGGAGGACTCAGCCATGTACTTCTGTGCCAGTCGGGTTGGACAGTATGGCTACACCTTCGGTTCG
637;CTGACGATCCAGCGCACACAGCAGGAGGACTCGGCCGTGTATCTCTGTGCCAGCAGCGCACCCACTCCGGAGCAGTACTTCGGGCCG
638;CTGCTGGGGTTGGAGTCGGCTGCTCCCTCCCAAACATCTGTGTACTTCTGTGCCAGCAGCCTTGGGACAGGGGCGCATTTTGGTGAT
639;CTGGAGCTGGGGGACTCAGCTTTGTATTTCTGTGCCAGCAGCGGTAGCGGGGGGGCACGATCTGGCAATGAGCAGTTCTTCGGGCCA
640;CTGGAGTCCGCCAGCACCAACCAGACATCTATGTACCTCTGTGCCAGCAGTCGCAGGGGGCTGGGATCACCCCTCCACTTTGGGAAC
641;GAGATCCAGCGCACAGAGCAGGGGGACTCGGCCATGTATCTCTGTGCCAGCAGCTTAGGGGATGTGGAAAAACTGTTTTTTGGCAGT
642;GAGTCGCCCAGCCCCAACCAGACCTCTCTGTACTTCTGTGCCAGCAGTCCCCTCGCATCCACATTCTACGAGCAGTACTTCGGGCCG
643;GCTCCCTCCCAGACATCTGTGTACTTCTGTGCCAGCAGTCTAACCAAAAGAGAAACAGGTCTACGGAACACCATATATTTTGGAGAG
644;GGGGACTCGGCCATGTATCTCTGTGCCAGCAGCTTAGCCGGAAAAAGGACAGGGCTTACTCAAAACACTGAAGCTTTCTTTGGACAA
645;GTGAGCACCTTGGAGCTGGGGGACTCGGCCCTTTATCTTTGCGCCAGCAGTCGACAGGTGGAGAACACTGAAGCTTTCTTTGGACAA
646;TCGCCCAGCCCCAACCAGACCTCTCTGTACTTCTGTGCCAGCAGTCCCGGGACAGTTACAACTAATGAAAAACTGTTTTTTGGCAGT
647;TCGGCTGCTCCCTCCCAGACATCTGTGTACTTCTGTGCCAGCAGTGAAATGGCGGGGGGCCTTTCCTACGAGCAGTACTTCGGGCCG
648;TCTGCCATCCCCAACCAGACAGCTCTTTACTTCTGTGCCACCAGTGACCCTCGGGACCGAAACACCGGGGAGCTGTTTTTTGGAGAA
649;TCTGCCATCCCCAACCAGACAGCTCTTTACTTCTGTGCCACCAGTGATTTGCGGGGATGGGGCCACACTGAAGCTTTCTTTGGACAA
650;AAAAACTCATCCTGTACCTTGGAGATCCAGTCCACGGAGTCAGGGGACACAGCACTGTATTTCTGTGCCAAGGGGGCGTTCGGGCCG
651;AAGATCCAGCCTGCAGAGCTTGGGGACTCGGCCGTGTATCTCTGTGCCAGCAGCTTCACAAACCAAGAGACCCAGTACTTCGGGCCA
652;ACAGTGACCAGTGCCCATCCTGAAGACAGCAGCTTCTACATCTGCAGTGCTAGAGGGGACAGGAGGGAAAAACTGTTTTTTGGCAGT
653;ACAGTGACCAGTGCCCATCCTGAAGACAGCAGCTTCTACATCTGCAGTGCTAGAGTCTCGGAGGATTCTGAAGCTTTCTTTGGACAA
654;ACGATCCAGCGCACAGAGCAGCGGGACTCGGCCATGTATCGCTGTGCTAGCAGCGTGACGAACACCGGGGAGCTGTTTTTTGGAGAA
655;AGCACCTTGGAGCTGGGGGACTCGGCCCTTTATCTTTGCGCCAGCAGCTTGGGACTAGCGTACACCGGGGAGCTGTTTTTTGGAGAA
656;AGCTCTCTGGAGCTGGGGGACTCAGCTTTGTATTTCTGTGCCAGCAGCGTTACAGGGGGTGATAATTCACCCCTCCACTTTGGGAAC
657;AGGCTGGAGTCGGCTGCTCCCTCCCAGACATCTGTGTACTTCTGTGCCAGCAGTGAAGCGGAGGACTACGAGCAGTACTTCGGGCCG
658;AGGCTGGAGTCGGCTGCTCCCTCCCAGACATCTGTGTACTTCTGTGCCAGCAGTGAGAGGGGCCCCTACGAGCAGTACTTCGGGCCG
659;ATCCAGCGCACACAGCAGGAGGACTCGGCCGTGTATCTCTGTGCCAGCAGCTTAGCCCATGGAGACAATGAGCAGTTCTTCGGGCCA
660;ATCCGCTCACCAGGCCTGGGGGACGCAGCCATGTACCTGTGTGCCACCAGCAGAGATCGGGTAGGCGAAAAACTGTTTTTTGGCAGT
661;ATCCTGGAGTCGCCCAGCCCCAACCAGACCTCTCTGTACTTCTGTGCCAGGGTTCTCGCGGATAACTATGGCTACACCTTCGGTTCG
662;CACATCAATTCCCTGGAGCTTGGTGACTCTGCTGTGTATTTCTGTGCCAGCAGCCAAGAGACTAGGGATCGAGCTTTCTTTGGACAA
663;CAGCAGGAGGACTCGGCCGTGTATCTCTGTGCCAGCAGCACTCACTCCGGACTAGCGGGGAAACCCTACGAGCAGTACTTCGGGCCG
664;CCTGCAGAACTGGAGGATTCTGGAGTTTATTTCTGTGCCAGCAGCCAAGGCCGAGGGGGCCGGGCAGATACGCAGTATTTTGGCCCA
665;CTGACGATCCAGCGCACACAGCAGGAGGACTCGGCCGTGTATCTCTGTGCCAGCAGCTTAGCGATCGATGGAGCTTTCTTTGGACAA
666;CTGCTGTCGGCTGCTCCCTCCCAGACATCTGTGTACTTCTGTGCCAGCAGCCCCGGGAACGGGCGCTACGAGCAGTACTTCGGGCCG
667;CTGGAGTCCGCCAGCACCAACCAGACATCTATGTACCTCTGTGCCAGCAGTCGGGCTAGCAGTAGGGAGACCCAGTACTTCGGGCCA
668;GAGATCCAGCGCACAGAGCAGGGGGACTCGGCCATGTATCTCTGTGCCAGCAGCGGACAGATCTCCTACGAGCAGTACTTCGGGCCG
669;GAGTCGCCCAGCCCCAACCAGACCTCTCTGTACTTCTGTGCCAGCAGTTTAAATCGGGCCACTTATTCCGAGCAGTACTTCGGGCCG
670;GTGAGCACCTTGGAGCTGGGGGACTCGGCCCTTTATCTTTGCGCCAGCAGCAGGAGCGGGGGGGCCGGGGAGCTGTTTTTTGGAGAA
671;GTGAGCACCTTGGAGCTGGGGGACTCGGCCCTTTATCTTTGCGCCAGCAGCCGCGGACAGGGGGCTCTTCATGCTTTCTTTGGACAA
672;TCCGCCAGCACCAACCAGACATCTATGTACCTCTGTGCCAGCACCCATCCTGGGACTCCATCCTACAATGAGCAGTTCTTCGGGCCA
673;TCGGCTGCTCCCTCCCAAACATCTGTGTACTTCTGTGCCAGCAGTTACTCACCGCGGGAGTTGACAGATACGCAGTATTTTGGCCCA
674;AAGATCCAGCCTGCAGAGCTTGGGGACTCGGCCATGTATCTCTGTGCCAGCAGCTTAGGGAGCAATCAGCCCCAGCATTTTGGTGAT
675;AAGATCCGGTCCACAAAGCTGGAGGACTCAGCCATGTACTTCTGTGCCAGCAGGCTTTACAGCCAAGAGACCCAGTACTTCGGGCCA
676;AAGATCCGGTCCACAAAGCTGGAGGACTCAGCCATGTACTTCTGTGCCAGCAGTCGGACAGGCTACAATGAGCAGTTCTTCGGGCCA
677;AATGTGAACGCCTTGGAGCTGGACGACTCGGCCCTGTATCTCTGTGCCAGCAGCCTTTACAGGGTTGGAGGCTACACCTTCGGTTCG
678;ACAAAGCTGGAGGACTCAGCCATGTACTTCTGTGCCAGCAGTGACAGGGGGCCTGAGGAGAGCAATCAGCCCCAGCATTTTGGTGAT
679;ACAGTGACCAGTGCCCATCCTGAAGACAGCAGCTTCTACATCTGCAGTGCTAGAGCACAAACCAAAAACATTCAGTACTTCGGCGCC
680;ACTCTGAAGATCCGGTCCACAAAGCTGGAGGACTCAGCCATGTACTTCTGTGCCAGCAGCCTCGGGGGCGGCTACACCTTCGGTTCG
681;ACTCTGGAGTCAGCTACCCGCTCCCAGACATCTGTGTATTTCTGCGCCAGCAGTGAGTCTAGGGGCTTTGGCTACACCTTCGGTTCG
682;ACTGTGACATCGGCCCAAAAGAACCCGACAGCTTTCTATCTCTGTGCCAGTAGTAGAGGCGGGGCCAACGTCCTGACTTTCGGGGCC
683;AGGATCCAGCAGGTAGTGCGAGGAGATTCGGCAGCTTATTTCTGTGCCAGCTCGGCTACAGGGCTAGACGAGCAGTACTTCGGGCCG
684;AGGCTGGAGTTGGCTGCTCCCTCCCAGACATCTGTGTACTTCTGTGCCAGCAGTTACTGGAAAAATCAGCCCCAGCATTTTGGTGAT
685;AGTGCCCATCCTGAAGACAGCAGCTTCTACATCTGCAGTGCCCGGTTAGACAGGGAGTATAGCAATCAGCCCCAGCATTTTGGTGAT
686;ATCAATTCCCTGGAGCTTGGTGACTCTGCTGTGTATTTCTGTGCCAGCACCGGATGGGGGGCGGATACTGAAGCTTTCTTTGGACAA
687;ATCCAGCCTGCAAAGCTTGAGGACTCGGCCGTGTATCTCTGTGCCAGCAGCTCCCGGGGCGGGAATTCACCCCTCCACTTTGGGAAC
688;ATCCGGTCCACAAAGCTGGAGGACTCAGCCATGTACTTCTGTGCCAGCAGTGAAGCGGTTAGGGACTATGGCTACACCTTCGGTTCG
689;CACATCAATTCCCTGGAGCTTGGTGACTCTGCTGTGTATTTCTGTGCCAGCAGCCAAGGGACGCGCACTGAAGCTTTCTTTGGACAA
690;CACCTACACGCCCTGCAGCCAGAAGACTCAGCCCTGTATCTCTGCGCCAGCAGCCAGACAGGATCTCCTGAAGCTTTCTTTGGACAA
691;CAGCCTGCAAAGCTTGAGGACTCGGCCGTGTATCTCTGTGCCAGCAGCTTGTACGGGACAGGCAATCAGCCCCAGCATTTTGGTGAT
692;CAGCGCACAGAGCAGCGGGACTCGGCCATGTATCGCTGTGCCAGCAGCTTAAGGCAGGGGGCCGGAGGGGAGCTGTTTTTTGGAGAA
693;CAGCGCACAGAGCAGGGGGACTCGGCCATGTATCTCTGTGCCGGATCGTCGGAGCAGGCCAGGGGCAATGAGCAGTTCTTCGGGCCA
694;CAGGAGGACTCCGCCGTGTATCTCTGTGCCAGCAGCTTAGCGCGAAGTCCAGTGGGCGTTGGTGGAAACACCATATATTTTGGAGAG
695;CCCGAGCGGGGGGACTCAGCCGTGTATCTCTGTGCCAGCAGCTCTGGGGCTAGCGGGGCCGCGAGAGAGACCCAGTACTTCGGGCCA
696;CGGTCCACAAAGCTGGAGGACTCAGCCATGTACTTCTGTGCCAGCAGCTCTGGGGACAGGGGGCCGGGCGAGCAGTACTTCGGGCCG
697;CTCAAGATCCAGCCTGCAAAGCTTGAGGACTCGGCCGTGTATCTCTGTGCCAGCAGCTCGGACTCCTACGAGCAGTACTTCGGGCCG
698;CTGAAGATCCAGCCCTCAGAACCCAGGGACTCAGCTGTGTACTTCTGTGCCAGCAGAGACAGGTCCTACGAGCAGTACTTCGGGCCG
699;CTGAGCTCTCTGGAGCTGGGGGACTCAGCTTTGTATTTCTGTGCCAGCAGCCTCCGGGACAGGGAGGAAAAACTGTTTTTTGGCAGT
700;CTGGAGTCCGCTACCAGCTCCCAGACATCTGTGTACTTCTGTGCCATCAGTGAGCAAGGACAGAACACTGAAGCTTTCTTTGGACAA
701;CTGGGGTTGGAGTCGGCTGCTCCCTCCCAGACATCTGTGTACTTCTGTGCCAGCAGTTACGGGGGAGCCGGCTACACCTTCGGTTCG
702;GAGCTTGGTGACTCTGCTGTGTATTTCTGTGCCAGCAGCCTACCCCCGGGGCAACAACCGACATACAATGAAGCTTTCTTTGGACAA
703;GAGTCTGCCAGGCCCTCACATACCTCTCAGTACCTCTGTGCCAGCAGTGGAGGACAGGAGTGGAGTGACACCATATATTTTGGAGAG
704;GAGTTGGCTGCTCCCTCCCAGACATCTGTGTACTTCTGTGCCAGCAGCCAGCGGGGGAGCTCCTACAATGAGCAGTTCTTCGGGCCA
705;GAGTTGGCTGCTCCCTCCCAGACATCTGTGTACTTCTGTGCCAGCAGTATGGACAGTTCTTACACCGGGGAGCTGTTTTTTGGAGAA
706;GCCCTGCAGCCAGAAGACTCAGCCCTGTATCTCTGCGCCAGCAGCCAAGAGGGCGACGGAAGCTCCTACGAGCAGTACTTCGGGCCG
707;GCCCTGCAGCCAGAAGACTCAGCCCTGTATCTCTGCGCCAGCAGCCAGGGGACAGGCTCTGGGGCCAACGTCCTGACTTTCGGGGCC
708;GCCTTGGAGCTGGAGGACTCGGCCCTGTATCTCTGTGCCAGCAGCCTCCCCGACAGGTATAGCACAGATACGCAGTATTTTGGCCCA
709;GCTCCCTCCCAAACATCTGTGTACTTCTGTGCCAGCAGCCGCGCCTTTTATAGCGGGGGGGCAGCGGATGAGCAGTTCTTCGGGCCA
710;GCTGCTCCCTCCCAGACATCTGTGTACTTCTGTGCCAGCAGTGAAGGCGCCACAATATCCCGCACCGGGGAGCTGTTTTTTGGAGAA
711;GCTGCTCCCTCCCAGACATCTGTGTACTTCTGTGCCAGCAGTTACGCCACGACAGGGATTAGGCCCGGGGAGCTGTTTTTTGGAGAA
712;GTAGTGCGAGGAGATTCGGCAGCTTATTTCTGTGCCAGCTCACTATACGAGACCACAGGGTCTGGAAACACCATATATTTTGGAGAG
713;GTGAACGCCTTGTTGCTGGGGGACTCGGCCCTGTATCTCTGTGCCAGCAGCTCCTGGGACACCTCCTACGAGCAGTACTTCGGGCCG
714;GTGAACGCCTTGTTGCTGGGGGACTCGGCCCTGTATCTCTGTGCCAGCAGCTTGGGCAGGGGTGATTCACCCCTCCACTTTGGGAAC
715;GTGAGCACCTTGGAGCTGGGGGACTCGGCCCTTTATCTTTGCGCCAGCAGCTTGGGGGGTAGCAATCAGCCCCAGCATTTTGGTGAT
716;TCGCCCAGCCCCAACCAGACCTCTCTGTACTTCTGTGCCAGCACCTTCTCTCCCGGGACAGGGATCTACGAGCAGTACTTCGGGCCG
717;TCGCCCAGCCCCAACCAGACCTCTCTGTACTTCTGTGCCAGCAGTTTATCCCGGACAGGGTCCCGCTACGAGCAGTACTTCGGGCCG
718;TCGGCTGCTCCCTCCCAGACATCTGTGTACTTCTGTGCCAGCACTCTTCGGGGGACAGTAAACACCGGGGAGCTGTTTTTTGGAGAA
719;TTGGAGGCGGCTGCTCCCTCCCAAACATCTGTGTACTTCTGTGCCAGCAGCCCAACATCGAACACCGGGGAGCTGTTTTTTGGAGAA
720;AAGATCCAGCCCTCAGAACCCAGGGACTCAGCTGTGTACTTCTGTGCCACCCGAGGATGGGGGCAAGAGACCCAGTACTTCGGGCCA
721;AAGATCCAGCCCTCAGAACCCAGGGACTCAGCTGTGTACTTCTGTGCCAGCAGGACAGGGTTCTCCTACGAGCAGTACTTCGGGCCG
722;AAGATCCGGTCCACAAAGCTGGAGGACTCAGCCATGTACTTCTGTGCCAGCAGTCAGGGAATTTGGAATGAGCAGTTCTTCGGGCCA
723;AATGTGAACGCCTTGGAGCTGGACGACTCGGCCCTGTATCTCTGTGCCAGCAGTTCAACTAGCGGCTACGAGCAGTACTTCGGGCCG
724;AATGTGAGCACCTTGGAGCTGGGGGACTCGGCCCTTTATCTTTGCGCCAGCAGCTTGACAGGGGGCACTGAAGCTTTCTTTGGACAA
725;ACAGAGCAGGGGGACTCGGCCATGTATCTCTGTGCCAGCAGCTTCGGACAGGGACCAGGAACTAATGAAAAACTGTTTTTTGGCAGT
726;ACCAGTGCCCATCCTGAAGACAGCAGCTTCTACATCTGCAGTGCTACAGGGGGATTTTATAGCAATCAGCCCCAGCATTTTGGTGAT
727;ACCCTGCAGCCAGAAGACTCGGCCCTGTATCTCTGTGCCAGCAGCCAACCCTCGGGACTAGGGGCCTACGAGCAGTACTTCGGGCCG
728;ACCCTGCAGCCAGAAGACTCGGCCCTGTATCTCTGTGCCAGCAGCCAAGATCCAGGGGATCGGGATTCACCCCTCCACTTTGGGAAC
729;ACGATCCAGCGCACAGAGCAGCGGGACTCGGCCATGTATCGCTGTGCCAGCAGCTTACAGGGAGGGCAGCCCCAGCATTTTGGTGAT
730;ACTCTGGAGTCCGCTACCAGCTCCCAGACATCTGTGTACTTCTGTGCCATCAGGGGGGACAGGAGCTATGGCTACACCTTCGGTTCG
731;ACTGTGAGCAACATGAGCCCTGAAGACAGCAGCATATATCTCTGCAGCGTTCACGAGGGGGGCACAGATACGCAGTATTTTGGCCCA
732;AGCACCTTGGAGCTGGGGGACTCGGCCCTTTATCTTTGCGCCAGCAGCTTGGGTAGGACTCTCTCCCAAGAGCAGTACTTCGGGCCG
733;AGGCTGCTGTCGGCTGCTCCCTCCCAGACATCTGTGTACTTCTGTGCCAGCAGTTACTCAAGCACCTATGGCTACACCTTCGGTTCG
734;ATCCAGCAGGTAGTGCGAGGAGATTCGGCAGCTTATTTCTGTGCCAGCTCACCGCAGGGCCCAAACACTGAAGCTTTCTTTGGACAA
735;ATCCAGCGCACACAGCAGGAGGACTCGGCCGTGTATCTCTGTGCCAGCAGCTACCCCTGGGAGGGCTACGAGCAGTACTTCGGGCCG
736;ATCCGCTCACCAGGCCTGGGGGACGCAGCCATGTACCTGTGTGCCACCAGCATCAGGGAACTCCATTCACCCCTCCACTTTGGGAAC
737;ATGAGCTCCTTGGAGCTGGGGGACTCAGCCCTGTACTTCTGTGCCAGCAGCTTAGGGACAGGGGACTATGGCTACACCTTCGGTTCG
738;CACCTACACACCCTGCAGCCAGAAGACTCGGCCCTGTATCTCTGCGCCAGCAGCCAAGATTCGGGGAACGAGCAGTACTTCGGGCCG
739;CAGCAGGTAGTGCGAGGAGATTCGGCAGCTTATTTCTGTGCCAGCTCACCAGTGGACAGGGCTAACTATGGCTACACCTTCGGTTCG
740;CAGCCCTCAGAACCCAGGGACTCAGCTGTGTACTTCTGTGCCAGCAGCACGGGACTAGCGGGGGAAGAGACCCAGTACTTCGGGCCA
741;CAGCGCACAGAGCAGCGGGACTCGGCCATGTATCGCTGTGCCAGCAGCCCCCAGGGGAATGTAAACACTGAAGCTTTCTTTGGACAA
742;CAGTCCACGGAGTCAGGGGACACAGCACTGTATTTCTGTGCCAGCAGCAAAGTAAGTATCAGGGGGCGCGAGCAGTACTTCGGGCCG
743;CCGCTCAGGCTGGAGTTGGCTGCTCCCTCCCAGACATCTGTGTACTTCTGTGCCAGCACCGACACCTACGAGCAGTACTTCGGGCCG
744;CCTGCAGAGCTTGGGGACTCGGCCATGTATCTCTGTGCCAGCAGCCCAGCCTCTCGGGGGGCAGGGGAGACCCAGTACTTCGGGCCA
745;CGCACACAGCAGGAGGACTCGGCCGTGTATCTCTGTGCCAGCAGCCCCCTCGAGGGCTCTGGGGCCAACGTCCTGACTTTCGGGGCC
746;CGCACACAGCAGGAGGACTCGGCCGTGTATCTCTGTGCCAGCAGCTTAAGGTGGGGCCGCGTAGGTGAGACCCAGTACTTCGGGCCA
747;CGCACACAGCAGGAGGACTCGGCCGTGTATCTCTGTGCCAGCAGCTTAGGGGGTTCAGGGTCCCTTAGCGAGCAGTACTTCGGGCCG
748;CTAGAGTCTGCCATCCCCAACCAGACAGCTCTTTACTTCTGTGCCACCAGTCTTCGGCAGGGGAACGGGGAGCTGTTTTTTGGAGAA
749;CTCAAGATCCAGCCTGCAAAGCTTGAGGACTCGGCCGTGTATCTCTGTGCCAGCAGCTTTGGTCCCGGGGAGCTGTTTTTTGGAGAA
750;CTCAGGCTGGAGTTGGCTGCTCCCTCCCAGACATCTGTGTACTTCTGTGCCACCCTAGGGCCTACCGGGGAGCTGTTTTTTGGAGAA
751;CTCAGGCTGGAGTTGGCTGCTCCCTCCCAGACATCTGTGTACTTCTGTGCCAGCAGTTACGGAGGGGGCGAGCAGTACTTCGGGCCG
752;CTGAAGATCCAGCGCACACAGCAGGAGGACTCCGCCGTGTATCTCTGTGCCAGCAGCTTAATTTCAAACACCATATATTTTGGAGAG
753;CTGAAGATCCAGCGCACAGAGCGGGGGGACTCAGCCGTGTATCTCTGTGCCAGCAGCTTAATTTCAAACACCATATATTTTGGAGAG
754;CTGAGCTCTCTGGAGCTGGGGGACTCAGCTTTGTATTTCTGTGCCAGCAGCGTAGTCTCACAGGGCGGGGAGCTGTTTTTTGGAGAA
755;CTGCAGCCAGAAGACTCGGCCCTGTATCTCTGTGCCAGCAGCCAAGATACGGCAGGGGGTAGCAATCAGCCCCAGCATTTTGGTGAT
756;CTGGAGTTGGCTGCTCCCTCCCAGACATCTGTGTACTTCTGTGCCAGCAGTTATTCGCAGGGGATTCAGCCCCAGCATTTTGGTGAT
757;CTGGGGTGGGAGGCGGCTGCTCCCTCCCAAACATCTGTGTACTTCTGTGCCAGCAGTTTTTCCGGGACTAGCCCGTTCTTCGGGCCA
758;CTGGGGTTGGAGTCGGCTGCTCCCTCCCAGACATCTGTGTACTTCTGTGCCAGCACCTTTCCCCAAGGTACGCAGTATTTTGGCCCA
759;CTGTCCTCAGAACCGGGAGACACGGCACTGTATCTCTGCGCCAGCAGGGTAACAGGGGCTAGCTCCTACGAGCAGTACTTCGGGCCG
760;GAACCCAGGGACTCAGCTGTGTATTTTTGTGCTAGTGGTTTGGTACGAAGGACAGGCGGTTCCGTTGAAAAACTGTTTTTTGGCAGT
761;GAGCAGCGGGACTCGGCCATGTATCGCTGTGCCAGCAGCATCGCCGGGACAGGGGGCTACGGAACCGGGGAGCTGTTTTTTGGAGAA
762;GAGCTGGGGGACTCAGCTTTGTATTTCTGTGCCAGCAGCGTAGAGGGCGGGGGCGCCAGCTCCTACAATGAGCAGTTCTTCGGGCCA
763;GAGTCTGCCAGGCCCTCACATACCTCTCAGTACCTCTGTGCCAGCAGTGAATTAGGATCCCCTTCCTACGAGCAGTACTTCGGGCCG
764;GAGTTGGCTGCTCCCTCCCAGACATCTGTGTACTTCTGTGCCAACTCCTGGAGTTGGACGAACACCGGGGAGCTGTTTTTTGGAGAA
765;GAGTTGGCTGCTCCCTCCCAGACATCTGTGTACTTCTGTGCCAGCAGCCAAGCTAGGCCTGGGGCCAACGTCCTGACTTTCGGGGCC
766;GAGTTGGCTGCTCCCTCCCAGACATCTGTGTACTTCTGTGCCAGCAGTACTAGCCGGTTGGGGACAGATACGCAGTATTTTGGCCCA
767;GCTGCTCCCTCCCAGACATCTGTGTACTTCTGTGCCAGCAGTGACGGGACAGGGGGCCTAAGGACCGGGGAGCTGTTTTTTGGAGAA
768;GGGTTGGAGTCGGCTGCTCCCTCCCAAACATCTGTGTACTTCTGTGCCAGCAGCCTACAGAGTCAAGAGACCCAGTACTTCGGGCCA
769;GGGTTGGAGTCGGCTGCTCCCTCCCAAACATCTGTGTACTTCTGTGCCAGCAGTTTCTATCTGAACACTGAAGCTTTCTTTGGACAA
770;GTGAACGCCTTGTTGCTGGGGGACTCGGCCCTGTATCTCTGTGCCAGCAGCGTGGGACACGCTAACTATGGCTACACCTTCGGTTCG
771;GTGACATCGGCCCAAAAGAACCCGACAGCTTTCTATCTCTGTGCCAGTAGTATGGGACAGGGTCCTTATGGCTACACCTTCGGTTCG
772;GTGACCAGTGCCCATCCTGAAGACAGCAGCTTCTACATCTGCAGTGCTAGATCTCCTCGGGACAGCTACGAGCAGTACTTCGGGCCG
773;GTGAGCAACATGAGCCCTGAAGACAGCAGCATATATCTCTGCAGCGTTGTCGTGGGCAGCCACACAGATACGCAGTATTTTGGCCCA
774;GTGGAGGCGGCTGCTCCCTCCCAAACATCTGTGTACTTCTGTGCCAGCAACCAACAGGGGGCGGGCACTGAAGCTTTCTTTGGACAA
775;TCGGCTGCTCCCTCCCAGACATCTGTGTACTTCTGTGCCAGCAGTGACCTACTTAGCGGGGGCACAGATACGCAGTATTTTGGCCCA
776;TGGGAGGCGGCTGCTCCCTCCCAAACATCTGTGTACTTCTGTGCCAGCAGTTCACAGGGGGCAGGACAGCCCCAGCATTTTGGTGAT
777;AACGCCTTGTTGCTGGGGGACTCGGCCCTCTATCTCTGTGCCAGCAGCTTGTTTCAGGGGCCCACCGGGGAGCTGTTTTTTGGAGAA
778;AAGATCCAGCCTGCAAAGCTTGAGGACTCGGCCGTGTATCTCTGTGCCAGCAGCCGAGACCGAAACTACGAGCAGTACTTCGGGCCG
779;AAGATCCAGCCTGCAGAGCTTGGGGACTCGGCCGTGTATCTCTGTGCCAGCAGCTTAGGGCGGGAAAACATTCAGTACTTCGGCGCC
780;AAGATCCGGTCCACAAAGCTGGAGGACTCAGCCATGTACTTCTGTGCCAGCAGTGGGAGCGGCAATCAGCCCCAGCATTTTGGTGAT
781;AAGATCCGGTCCACAAAGCTGGAGGACTCAGCCATGTACTTCTGTGCCAGCGGCCGGGGGGCTCGTCAGCCCCAGCATTTTGGTGAT
782;AATGTGAGCACCTTGGAGCTGGGGGACTCGGCCCTTTATCTTTGCGCCAGCAGCTTGACAGGGGAGGGTCCCCAGCATTTTGGTGAT
783;AATTCCCTGGAGCTTGGTGACTCTGCTGTGTATTTCTGTGCCAGCAGCCATTTTAAACTAGCTATTGGGGAGCAGTTCTTCGGGCCA
784;ACATCGGCCCAAAAGAACCCGACAGCTTTCTATCTCTGTGCCAGTAGCGAAGACAGGGGGCAGGGCTATGGCTACACCTTCGGTTCG
785;ACCAGTGCCCATCCTGAAGACAGCAGCTTCTACATCTGCAGTGCTAGCCTCTTCCCGGGGTTACTTTATGGCTACACCTTCGGTTCG
786;ACCGCGCGGGGGGACTCAGCCGTGTATCTCTGTGCCAGCAGCTCTGGGGCTAGCGGGGCCGCGAGAGAGACCCAGTACTTCGGGCCA
787;ACGATCCAGCGCACACAGCAGGAGGACTCGGCCGTGTATCTCTGTGCCAGCAGCCTTGCTAGCACAGATACGCAGTATTTTGGCCCA
788;AGCACCTTGGAGCTGGGGGACTCGGCCCTTTATCTTTGCGCCAGCAGCCGTGCCGGGACAAACTCCTACGAGCAGTACTTCGGGCCG
789;AGCACCTTGGAGCTGGGGGACTCGGCCCTTTATCTTTGCGCCAGCAGCTTGGCCCGGGGAGCGGGCTACGAGCAGTACTTCGGGCCG
790;AGGATCCAGCAGGTAGTGCGAGGAGATTCGGCAGCTTATTTCTGTGCCAGCTCACCGAACAGTAACACTGAAGCTTTCTTTGGACAA
791;AGGCTGCTGTCGGCTGCTCCCTCCCAGACATCTGTGTACTTCTGTGCCAGCAGGAGACAGGGAAACTATGGCTACACCTTCGGTTCG
792;AGGCTGGAGTTGGCTGCTCCCTCCCAGACATCTGTGTACTTCTGTGCCAGCAGGCGATGGGGTGACAATGAGCAGTTCTTCGGGCCA
793;ATCCAGCGCACACAGCAGGAGGACTCGGCCGTGTATCTCTGTGCCACTTCCGGGACTTATAGCACAGATACGCAGTATTTTGGCCCA
794;ATCCTGGAGTCGCCCAGCCCCAACCAGACCTCTCTGTACTTCTGTGCCAGCAGCCGAGGACAGGGTTACGAGCAGTACTTCGGGCCG
795;ATCCTGGAGTCGCCCAGCCCCAACCAGACCTCTCTGTACTTCTGTGCCAGCAGTTTATCGGGCCACTCTGAAGCTTTCTTTGGACAA
796;ATCCTGGAGTCGCCCAGCCCCAACCAGACCTCTCTGTACTTCTGTGCCAGCGCCCACAGGGGGCCTGATGGCTACACCTTCGGTTCG
797;ATTCTGGAGTCCGCCAGCACCAACCAGACATCTATGTACCTCTGTGCCAGCAGTTTAACACAGCGCGCGCAGCAGTACTTCGGGCCG
798;CAAAAGAACCCGACAGCTTTCTATCTCTGTGCCAGTAGTATAGATCGGCAGGGTGGCCTTAGCAATCAGCCCCAGCATTTTGGTGAT
799;CAGCGCACACAGCAGGAGGACTCGGCCGTGTATCTCTGTGCCAGCAGCTCCCAAGGAGCGGGGGGTGAGACCCAGTACTTCGGGCCA
800;CAGCGCACACAGCAGGAGGACTCGGCCGTGTATCTCTGTGCCAGCAGCTTAGGCCACAGTAAAAAGTACGAGCAGTACTTCGGGCCG
801;CAGCGCACAGAGCAGGGGGACTCGGCCATGTATCTCTGTGCCAGCAGCGTTCTTCGGGGCGCGAACACTGAAGCTTTCTTTGGACAA
802;CAGGTAGTGCGAGGAGATTCGGCAGCTTATTTCTGTGCCAGCTCCTTCCAGGGGAAGAGGGTCTACAATGAGCAGTTCTTCGGGCCA
803;CCCAGCCCCAACCAGACCTCTCTGTACTTCTGTGCCAGCAGCCCGAGGGGGGTCCAGCAAATTGCCTACGAGCAGTACTTCGGGCCG
804;CCCTCAGAACCCAGGGACTCAGCTGTGTACTTCTGTGCCAGCAGTTCGAGGGCAGGGGACAATATTTACGAGCAGTACTTCGGGCCG
805;CGCACAGAGCGGGGGGACTCAGCCGTGTATCTCTGTGCCAGCAGCAGTCCCGGGACATTTCGGGGCTATGGCTACACCTTCGGTTCG
806;CTAAACCTGAGCTCTCTGGAGCTGGGGGACTCAGCTTTGTATTTCTGTGCCAGCAGCGGGGACGGAGTGGTAGCTTTCTTTGGACAA
807;CTCAAGATCCAGCCTGCAGAGCTTGGGGACTCGGCCGTGTATCTCTGTGCCAGCAGCGCACCCACTCCGGAGCAGTACTTCGGGCCG
808;CTCAGGCTGGAGTCGGCTGCTCCCTCCCAGACATCTGTGTACTTCTGTGCCAGCCGACAGACGCAATACGAGCAGTACTTCGGGCCG
809;CTGAGCTCTCTGGAGCTGGGGGACTCAGCTTTGTATTTCTGTGCCAGCAGCGTCTTCGGTTCGGCCGGGGAGCTGTTTTTTGGAGAA
810;CTGCTGGCGGCTGCTCCCTCCCAGACATCTGTGTACTTCTGTGCCAGCAGACTTGACAGGGGGCGGGAGACCCAGTACTTCGGGCCA
811;CTGCTGGGGTTGGAGTCGGCTGCTCCCTCCCAAACATCTGTGTACTTCTGTGCCAGCAGTACCAGGTACGAGCAGTACTTCGGGCCG
812;CTGCTGTCGGCTGCTCCCTCCCAAACATCTGTGTACTTCTGTGCCAGCAGTTCACAGGGGGCAGGGCAGCCCCAGCATTTTGGTGAT
813;CTGGAGTCGCCCAGCCCCAACCAGACCTCTCTGTACTTCTGTGCCACCAAAAGTAGCGGGGGGACCCACGAGCAGTACTTCGGGCCG
814;CTGGAGTCGGCTGCTCCCTCCCAGACATCTGTGTACTTCTGTGCCAGCAGTTATTCGCAGGGGATTCAGCCCCAGCATTTTGGTGAT
815;CTGTAGTCTGCTGCCTCCTCCCAGACATCTGTATATTTCTGCGCCAGCAGTGATGACAGAAGCAATCAGCCCCAGCATTTTGGTGAT
816;CTTCACCTACACGCCCTGCAGCCAGAAGACTCAGCCCTGTATCTCTGCGCCAGCAGCCCCCCTAACACTGAAGCTTTCTTTGGACAA
817;GAAGACTCGGCCCTGTATCTCTGTGCCAGCAGCCAAGACTCCGGGACTAGCGGATCAGATTCCTACAATGAGCAGTTCTTCGGGCCA
818;GAGATCCAGCGCACAGAGCAGGGGGACTCGGCCATGTATCGCTGTGCTAGCAGCGTGACGAACACCGGGGAGCTGTTTTTTGGAGAA
819;GAGCAGGGGGACTCGGCCATGTATCTCTGTGCCAGCAGCTTAGGCTCGGGTACAGGGGGCCGCACAGATACGCAGTATTTTGGCCCA
820;GAGTCCGCCAGCACCAACCAGACATCTATGTACCTCTGTGCCAGCGGCAGTGCAGTCTCTGGGGCCAACGTCCTGACTTTCGGGGCC
821;GAGTCGCCCAGCCCCAACCAGACCTCTCTGTACTTCTGTGCCAGCAGTGCCGGGACAGGGGGATCCTACGAGCAGTACTTCGGGCCG
822;GAGTCGCCCAGCCCCAACCAGACCTCTCTGTACTTCTGTGCCAGCAGTTTAGCCGACAGGGTTTTCAACGAGCAGTACTTCGGGCCG
823;GAGTCGGCTGCTCCCTCCCAAACATCTGTGTACTTCTGTGCCAGCAGTTATTTCGGGGGTGGCACCGGGGAGCTGTTTTTTGGAGAA
824;GAGTCGGCTGCTCCCTCCCAGACATCTGTGTACTTCTGTGCCAGCAGTGAGCATTCCATTTCCATGCAGCCCCAGCATTTTGGTGAT
825;GAGTCGGCTGCTCCCTCCCAGACATCTGTGTACTTCTGTGCCAGCAGTGTAGGGACAGGGCCTAACTATGGCTACACCTTCGGTTCG
826;GCCCAAAAGAACCCGACAGCTTTCTATCTCTGTGCCAGTATGCGGTCGGTCGGAAGCTCCTATAATTCACCCCTCCACTTTGGGAAC
827;GCTGCTCCCTCCCAAACATCTGTGTACTTCTGTGCCAGCAGTTTCGAAGCGCCGGGACCCCGGTACCTCGAGCAGTACTTCGGGCCG
828;GTGAACGCCTTGGAGCTGGACGACTCGGCCCTGTATCTCTGTGCCAGCTCGGGGACAGGGTATTCCCCTGAAGCTTTCTTTGGACAA
829;GTGAACGCCTTGTTGCTGGGGGACTCGGCCCTCTATCTCTGTGCCAGCAGCCGGGGAAGCCGCACAGATACGCAGTATTTTGGCCCA
830;GTGACATCGGCCCAAAAGAACCCGACAGCTTTCTATCTCTGTGCCAGTAGTATCGGGGATGACACCTATGGCTACACCTTCGGTTCG
831;GTGACCAGTGCCCATCCTGAAGACAGCAGCTTCTACATCTGCAGTGCTAGACGGGGAGAAGGATCGCGGGGAGCTTTCTTTGGACAA
832;GTGAGCACCTTGGAGCTGGGGGACTCGGCCCTTTATCTTTGCGCCAGCAGCTTGGGGAGTAGCGGGGAGACCCAGTACTTCGGGCCA
833;GTGAGTGCCTTGGAGCTGGGGGACTCGGCCCTGTATCTCTGTGCCGTCGAAGCGCTCCGGGGGAATGAAAAACTGTTTTTTGGCAGT
834;TCCCTGATTCTGGAGTCCGCCAGCACCAACCAGACATCTATGTGCCTCAGTAGGGAGGGTGGGGGCACTGAAGCTTTCTTTGGACAA
835;TCCGCTACCAGCTCCCAGACATCTGTGTACTTCTGTGCCATCAGTGAGGACTTAGGGCGGGTGAACACTGAAGCTTTCTTTGGACAA
836;TCCTTGGAGCTGGGGGACTCAGCCCTGTACTTCTGTGCCAGCAGCTTAGGGACGACAGGGCGTAGATACGAGCAGTACTTCGGGCCG
837;TCGCCCAGCCCCAACCAGACCTCTCTGTACTTCTGTGCCAGCAGTTCCCTAGACAGGCAAGGGGACTACGAGCAGTACTTCGGGCCG
838;TCGCCCAGCCCCAACCAGACCTCTCTGTACTTCTGTGCCAGCAGTTTAGGCAGGGGCCCTATGAATGAAAAACTGTTTTTTGGCAGT
839;TCGGCCCAAAAGAACCCGACAGCTTTCTATCTCTGTGCCAGTAGTATAGCCCCAGGGGGGAACACCGGGGAGCTGTTTTTTGGAGAA
840;TCGGCCCAAAAGAACCCGACAGCTTTCTATCTCTGTGCCAGTAGTATAGGCGCAGGAGCCCCTTACAATGAGCAGTTCTTCGGGCCA
841;TTGGCTGCTCCCTCCCAGACATCTGTGTACTTCTGTGCCAGCAGCTTTACCCGACTAGCCGTAAAAGAGACCCAGTACTTCGGGCCA
842;AAGATCCAGCGCACAGAGCAGCGGGACTCAGCCATGTATCGCTGTGCTAGCAGCGTGACGAACACCGGGGAGCTGTTTTTTGGAGAA
843;AAGATCCAGCGCACAGAGCGGGGGGACTCAGCCATGTATCGCTGTGCTAGCAGCGTGACGAACACCGGGGAGCTGTTTTTTGGAGAA
844;AAGATCCGGTCCACAAAGCTGGAGGACTCAGCCATGTACTTCTGTGCCAGCAGTGTTGGATTGAACACTGAAGCTTTCTTTGGACAA
845;ACAGAGCAGGGGGACTCGGCCATGTATCTCTGTGCCAGCAGCTTAGTAACGGAAGACAGGGGGCCATATGGCTACACCTTCGGTTCG
846;ACATCGGCCCAAAAGAACCCGACAGCTTTCTATCTCTGTGCCAGTAGGTCGGGAACATCTGAGCCATCTGAAGCTTTCTTTGGACAA
847;ACATCGGCCCAAAAGAACCCGACAGCTTTCTATCTCTGTGCCAGTAGTAACCCCAACAGGGTGAACACTGAAGCTTTCTTTGGACAA
848;ACATCGGCCCAAAAGAACCCGACAGCTTTCTATCTCTGTGCCAGTAGTAACCCCGGGACAGACCAAGAGACCCAGTACTTCGGGCCA
849;ACCAGTGCCCATCCTGAAGACAGCAGCTTCTACATCTGCAGTGCGCCTTCCACCGGGACAGGGAGCTACGGCTACACCTTCGGTTCG
850;ACCTTGGAGATCCAGCGCACAGAGCAGGGGGACTCGGCCATGTATCTCTGTGCCAGCAGAGTACTCAATGAGCAGTTCTTCGGGCCA
851;ACGATCCAGCGCACACAGCAGGAGGACTCGGCCGTGTATCGCTGTGCTAGCAGCGTGACGAACACCGGGGAGCTGTTTTTTGGAGAA
852;ACTCTCAAGATCCAGCCTGCAAAGCTTGAGGACTCGGCCGTGTATCTCTGTGCCAGCAGTCTCAGCGGAGAGCAGTACTTCGGGCCG
853;ACTGTGACATCGGCCCAAAAGAACCCGACAGCTTTCTATCTCTGTGCCAGTAGTATCAGGGAGGTCGATGGCTACACCTTCGGTTCG
854;ACTGTGACATCGGCCCAAAAGAACCCGACAGCTTTCTATCTCTGTGCCAGTTGGGACAGGGGAAGGAATGAGCAGTTCTTCGGGCCA
855;ACTGTGAGCAACATGAGCCCTGAAGACAGCAGCATATATCTCTGCAGCGCCCGGACAGGAGCTAACTATGGCTACACCTTCGGTTCG
856;AGCAACATGAGCCCTGAAGACAGCAGCATATATCTCTGCAGCGCAACGGGACAGGGAGGATTGAGCTATGGCTACACCTTCGGTTCG
857;AGCACCTTGGAGCTGGGGGACTCGGCCCTTTATCTTTGCGCCAGCAGCGGCGGGGGCCTCGACACCGGGGAGCTGTTTTTTGGAGAA
858;AGCACCTTGGAGCTGGGGGACTCGGCCCTTTATCTTTGCGCCAGCAGCTTGGGCACAGGGGACAATTCACCCCTCCACTTTGGGAAC
859;AGCTCTCTGGAGCTGGGGGACTCAGCTTTGTATTTCTGTGCCAGCAGCGTAGGGGGGGCTTCTGGAAACACCATATATTTTGGAGAG
860;AGGATCCAGCAGGTAGTGCGAGGAGATTCGGCAGCTTATTTCTGTGCCAGCTCACCAATCGAGTATGAAAAACTGTTTTTTGGCAGT
861;AGGCTGCTGTCGGCTGCTCCCTCCCAGACATCTGTGTACTTCTGTGCCAGCACGTTTACATTCAATCAGCCCCAGCATTTTGGTGAT
862;AGGCTGCTGTCGGCTGCTCCCTCCCAGACATCTGTGTACTTCTGTGCCAGCAGTTACTCAGTGATAGATACGCAGTATTTTGGCCCA
863;AGGCTGGAGTCGGCTGCTCCCTCCCAGACATCTGTGTACTTCTGTGCCAGCAGTTACTGGAAAAATCAGCCCCAGCATTTTGGTGAT
864;AGGCTGGAGTTGGCTGCTCCCTCCCAGACATCTGTGTACTTCTGTGCCAGCAGTTACCCGGAAACCGGGGAGCTGTTTTTTGGAGAA
865;AGTGCCCATCCTGAAGACAGCAGCTTCTACATCTGCAGTGCTAGACCCTATAACTCGGGACAGGTGGATGAACTGTTTTTTGGCAGT
866;AGTGCCCATCCTGAAGACAGCAGCTTCTACATCTGCAGTGCTAGAGATCACCAGGGCCTAGTCTACAATGAGCAGTTCTTCGGGCCA
867;ATCCAGCCCTCAGAACCCAGGGACTCAGCTGTGTACTTCTGTGCCAGCAGTTTTCGACAGGACCGTTACGGCTACACCTTCGGTTCG
868;ATCCAGCCTGCAAAGCTTGAGGACTCGGCCGTGTATCTCTGTGCCAGCACCCAAGCCATAGGGGGGTACGAGCAGTACTTCGGGCCG
869;ATCCAGCGCACACAGCAGGAGGACTCGGCCCTCTATCTCTGTGCCAGCAGCCCGGGGATCTATAATTCACCCCTCCACTTTGGGAAC
870;ATCCAGCGCACACAGCAGGAGGACTCGGCCGTGTATCTCTGTGCCAGCACCGGGGCGGACACTAACTATGGCTACACCTTCGGTTCG
871;ATCCAGCGCACACAGCAGGAGGACTCGGCCGTGTATCTCTGTGCCAGCAGCTTCTCTACCGGGTCCTACGAGCAGTACTTCGGGCCG
872;ATCCAGCGCACAGAGCAGGGGGACTCGGCCATGTATCTCTGTGCCAGCAGCTTAGTCGTGGCATACACTGAAGCTTTCTTTGGACAA
873;ATCCAGCGCACAGAGCAGGGGGACTCGGCCATGTATCTCTGTGCCAGCATCACCGGGCCCCCTGACACTGAAGCTTTCTTTGGACAA
874;ATCCTGGAGTCGCCCAGCCCCAACCAGACCTCTCTGTACTTCTGTGCCAGCAGAAGGGGACAGGGCTACGAGCAGTACTTCGGGCCG
875;ATCCTGGAGTCGCCCAGCCCCAACCAGACCTCTCTGTACTTCTGTGCCAGCAGTTTCTCGGGATCTCAGCCCCAGCATTTTGGTGAT
876;ATTCTGGAGTCCGCCAGCACCAACCAGACATCTATGTACCTCTGTGCCAGCAGCCGTAGACAGGGGAACGGCTACACCTTCGGTTCG
877;CACACCCTGCAGCCAGAAGACTCGGCCCTGTATCTCTGCGCCAGCAGCCCGGGACAGGGTGGGACAGATACGCAGTATTTTGGCCCA
878;CACATCAATTCCCTGGAGCTTGGTGACTCTGCTGTGTATTTCTGTGCCAGCAGCCAGGGAGCCTACAATGAGCAGTTCTTCGGGCCA
879;CACATCAATTCCCTGGAGCTTGGTGACTCTGCTGTGTATTTCTGTGCCAGCAGCCCGGGAGCCACCGGGGAGCTGTTTTTTGGAGAA
880;CACGCCCTGCAGCCAGAAGACTCAGCCCTGTATCTCTGCGCCAGCAGCCAAGACCCAGGCCCACTCTACGAGCAGTACTTCGGGCCG
881;CACGCCCTGCAGCCAGAAGACTCAGCCCTGTATCTCTGCGCCAGCAGCCAAGGGGCTAGCCGGGGGGAGACCCAGTACTTCGGGCCA
882;CAGCAGGTAGTGCGAGGAGATTCGGCAGCTTATTTCTGTGCCAGCTCACCTTTCTGGACAGGGGATGGGACCCAGTACTTCGGGCCA
883;CAGCAGGTAGTGCGAGGAGATTCGGCAGCTTATTTCTGTGCCAGCTCATCGGACAGTTCGAGCTCCTACGAGCAGTACTTCGGGCCG
884;CAGCCAGAAGACTCGGCCCTGTATCTCTGTGCCAGCAGCCAAGATCATGGACAGGGGGCGCGAATCTATGGCTACACCTTCGGTTCG
885;CAGCCTGCAAAGCTTGAGGACTCGGCCGTGTATCTCTGTGCCAGCAGTCGGTCCGGGGGCTCCTACAATGAGCAGTTCTTCGGGCCA
886;CAGCGCACACAGCAGGAGGACTCCGCCGTGTATCTCTGTGCCAGCAGCATCAGGGGGAGCTCCTACAATGAGCAGTTCTTCGGGCCA
887;CAGCGCACAGAGCAGCGGGACTCGGCCATGTATCGCTGTGCCAGCAGCTTAGGGGTTGGTGGAGCCTACGAGCAGTACTTCGGGCCG
888;CAGCGCACAGAGCAGGGGGACTCGGCCATGTATCTCTGTGCCAGCAGCTCGACGGATTCAGCTCAAGAGACCCAGTACTTCGGGCCA
889;CAGCGCACAGAGCGGGGGGACTCAGCCGTGTATCTCTGTGCCAGCAGCTTAACTGGTGGGGGCACAGATACGCAGTATTTTGGCCCA
890;CAGCGCACAGAGCGGGGGGACTCAGCCGTGTATCTCTGTGCCAGCAGCTTGAGGTCCAGCGAAAACACTGAAGCTTTCTTTGGACAA
891;CAGCGCACAGAGCGGGGGGACTCAGCCGTGTATCTCTGTGCCAGCAGTAAGCGGGGCAGTAACACCGGGGAGCTGTTTTTTGGAGAA
892;CCCGCGCGGGGGGACTCAGCCGTGTATCTCTGTGCCAGCAGCTCTGGGGCTAGCGGGGCCGCGAGAGAGACCCAGTACTTCGGGCCA
893;CCGCTCAGGCTGCTGTCGGCTGCTCCCTCCCAGACATCTGTGTACTTCTGTGCCACCCGTTGGAACACTGAAGCTTTCTTTGGACAA
894;CGCACAGAGCAGGGGGACTCGGCCATGTATCTCTGTGCCAGCAGCTTACGAGGGGGAGGCAGCAATCAGCCCCAGCATTTTGGTGAT
895;CTAGAGTCTGCCATCCCCAACCAGACAGCTCTTTACTTCTGTGCCACCAGGGGAGGGGGCGCGGGGAATGAGCAGTTCTTCGGGCCA
896;CTCACTCTGGAGTCCGCTACCAGCTCCCAGACATCTGTGTACTTCTGTGCCATCAGTGAGCAGGGAGGGACCCAGTACTTCGGGCCA
897;CTCAGGCTGGAGTCAGCTGCTCCCTCCCAGACATCTGTATACTTCTGTGCCAGCAGTTACGGGGGAGCCGGCTACACCTTCGGTTCG
898;CTGACAGTGACCAGTGCCCATCCTGAAGACAGCAGCTTCTACATCTGCAGTGCTAGACTGGGAGCCTACGAGCAGTACTTCGGGCCG
899;CTGACTGTGAGCAACATGAGCCCTGAAGACAGCAGCATATATCTCTGCAGCGCCGGGGGCGAGGCCTATGGCTACACCTTCGGTTCG
900;CTGCTGTCGGCTGCTCCCTCCCAGACATCTGTGTACTTCTGTGCCAGCAGCCCCCAGGGACATCACAATGAGCAGTTCTTCGGGCCA
901;CTGCTGTCGGCTGCTCCCTCCCAGACATCTGTGTACTTCTGTGCCAGCAGTTACTCGGGGGGCGGGCAGCCCCAGCATTTTGGTGAT
902;CTGGAGGCGGCTGCTCCCTCCCAGACATCTGTGTACTTCTGTGCCAGCAGTGCGGGGGACAGACACTACGAGCAGTACTTCGGGCCG
903;CTGGAGTCCGCCAGCACCAACCAGACATCTATGTACCTCTGTGCCAGCAGTGAGAACGCCGAGGGAGGTGGCTACACCTTCGGTTCG
904;CTGGAGTCGGCTGCTCCCTCCCAGACATCTGTGTACTTCTGTGCCAGCAACCAACAGGGGGCGGGCACTGAAGCTTTCTTTGGACAA
905;CTGGAGTTGGCTGCTCCCTCCCAAACATCTGTGTACTTCTGTGCCAGCAGTTCACAGGGGGCAGGGCAGCCCCAGCATTTTGGTGAT
906;CTGGGGTTGGAGTCGGCTGCTCCCTCCCAAACATCTGTGTACTTCTGTGCCAGCAGTTTCCCGACGGTACGCTACACCTTCGGTTCG
907;GAGTCCGCTACCAGCTCCCAGACATCTGTGTACTTCTGTGCCATCACTAAGTCTCTGACGGACAGCTACGAGCAGTACTTCGGGCCG
908;GAGTCGGCTGCTCCCTCCCAAACATCTGTGTACTTCTGTGCCAACCACTCTGACAGGAGCTCCTACAATGAGCAGTTCTTCGGGCCA
909;GAGTCGGCTGCTCCCTCCCAGACATCTGTGTACTTCTGTGCCAGCAGGCGGGGACACTCCAAGGAACAGCCCCAGCATTTTGGTGAT
910;GAGTCTGCCATCCCCAACCAGACAGCTCTTTACTTCTGTGCCACCAGTGATCCCGGTCCTGGGGCCAACGTCCTGACTTTCGGGGCC
911;GAGTCTGCCATCCCCAACCAGACAGCTCTTTACTTCTGTGCCACCAGTGATTTGGGACAGGGGTACAATGAGCAGTTCTTCGGGCCA
912;GAGTCTGCTGCCTCCTCCCAGACATCTGTATATTTCTGCGCCAGCAGCCCCGGGGGGTTGAGTGGAAACACCATATATTTTGGAGAG
913;GAGTTGGCTGCTCCCTCCCAGACATCTGTGTACTTCTGTGCCAGCAGCCCAACCGCCAGGGACCCCTATGGCTACACCTTCGGTTCG
914;GAGTTGGCTGCTCCCTCCCAGACATCTGTGTACTTCTGTGCCAGTGCACCGGGACAACTAAACACCGGGGAGCTGTTTTTTGGAGAA
915;GCCAGCACCAACCAGACATCTATGTACCTCTGTGCCAGCAGTTTATCTAGACCAGGGACTTATAATTCACCCCTCCACTTTGGGAAC
916;GCCTTGGAGCTGGACGACTCGGCCCTGTATCTCTGTGCCAGCAGCTTACTGGGACAGGGGTCGGGCACTGAAGCTTTCTTTGGACAA
917;GCCTTGTTGCTGGGGGACTCGGCCCTGTATCTCTGTGCCAGCAGCTTGGCTCTCACAGGGGTAGTCTACGAGCAGTACTTCGGGCCG
918;GCGCCCAGCCCCAACCAGACCTCTCTGTACTTCTGTGCCAGCAGTTTAGCCGCGGGGGGCCACACAGATACGCAGTATTTTGGCCCA
919;GCTGCTCCCTCCCAGACATCTGTGTACTTCTGTGCCAGCAGTTACATTAGGGGGGGGGCCCCCACCGGGGAGCTGTTTTTTGGAGAA
920;GGGTTGGAGTCGGCTGCTCCCTCCCAAACATCTGTGTACTTCTGTGCCAGCACGTTTACATTCAATCAGCCCCAGCATTTTGGTGAT
921;GGGTTGGAGTCGGCTGCTCCCTCCCAGACATCTGTGTACTTCTGTGCCAGCAGTTACCAAAACACAGATACGCAGTATTTTGGCCCA
922;GTGAACGCCTTGGAGCTGGACGACTCGGCCCTCTATCTCTGTGCCAGCAGCCCGGGGATCTATAATTCACCCCTCCACTTTGGGAAC
923;GTGAGCACCTTGGAGCTGGGGGACTCGGCCCTTTATCTTTGCGCCAGCAGCGCGACAGCCCAAACCTACGAGCAGTACTTCGGGCCG
924;TCACCAGGCCTGGGGGACGCAGCCATGTACCTGTGTGCCACCAGCAGAGACACGACAGCAAACACCTATGGCTACACCTTCGGTTCG
925;TCCACAAAGCTGGAGGACTCAGCCATGTACTTCTGTGCCAGCAGTGATCCAACGCGGCCTACTAACTATGGCTACACCTTCGGTTCG
926;TCGGCCCAAAAGAACCCGACAGCTTTCTATCTCTGTGCCAGTACCTCCAGGGCGGACAGGGCTAACTCACCCCTCCACTTTGGGAAC
927;TCGGCCCAAAAGAACCCGACAGCTTTCTATCTCTGTGCCAGTAGTATGCGTTTAACGCAGACTAATTCACCCCTCCACTTTGGGAAC
928;TCGGCCCTGTATCTCTGCGCCAGCAGCCAAGATCTGAGACCGCGTGACACGTTAAGCTCCTATAATTCACCCCTCCACTTTGGGAAC
929;TCTCTGGAGCTGGGGGACTCAGCTTTGTATTTCTGTGCCAGCAGCGTTCAAGGACTAGCGGGGGGTGAGACCCAGTACTTCGGGCCA
