seq_index;v_anchor;j_anchor;CDR3nt;CDR3aa
0;36;81;TGCAGCGTTGTAGTGTTGAGGGGACGGACCGGGGAGCTGTTTTTT;CSVVVLRGRTGELFF
1;45;81;TGTGCCAGCAGTTACGGGGGAGCCGGCTACACCTTC;CASSYGGAGYTF
2;42;81;TGTGCCTGGAGCGCCGGACAGAACTATGGCTACACCTTC;CAWSAGQNYGYTF
3;30;81;TGTGCCAGCAGCTCTGGGGCTAGCGGGGCCGCGAGAGAGACCCAGTACTTC;CASSSGASGAARETQYF
4;36;81;TGCAGTGCTAGAGGCGGCAGGGCAAACACCGGGGAGCTGTTTTTT;CSARGGRANTGELFF
5;42;81;TGTGCCAGCAGCTTCACAAACCAAGAGACCCAGTACTTC;CASSFTNQETQYF
6;39;81;TGTGCCAGCAGCCCGGGGATCTATAATTCACCCCTCCACTTT;CASSPGIYNSPLHF
7;33;81;TGTGCCAGCAGCTTACGAGGGGGAGGCAGCAATCAGCCCCAGCATTTT;CASSLRGGGSNQPQHF
8;42;81;TGTGCTAGCAGCGTGACGAACACCGGGGAGCTGTTTTTT;CASSVTNTGELFF
9;45;81;TGTGCCAGCAGGGGGCAGGTAGAGACCCAGTACTTC;CASRGQVETQYF
10;45;81;TGTGCCAGCAGTTTACGTGGGCTGACGGTTGGATTT;CASSLRGLTVGF
11;45;81;TGTGCCAGCAGCGAGGGGCTTGGTGGCTACACCTTC;CASSEGLGGYTF
12;39;81;TGTGCCAGCAGTTCACAGGGGGCAGGGCAGCCCCAGCATTTT;CASSSQGAGQPQHF
13;39;81;TGTGCCGTCGAAGCGCTCCGGGGGAATGAAAAACTGTTTTTT;CAVEALRGNEKLFF
14;36;81;TGCGCCAGCAGCTTTGACAGGGCTGGGGCCAACGTCCTGACTTTC;CASSFDRAGANVLTF
15;39;81;TGTGCCAGCAGCTTAGTCGTGGCATACACTGAAGCTTTCTTT;CASSLVVAYTEAFF
16;39;81;TGTGCTAGTGGTTTGGTACAGGGGAACACTGAAGCTTTCTTT;CASGLVQGNTEAFF
17;42;81;TGTGCCACCAGTGAACCGAACACCGGGGAGCTGTTTTTT;CATSEPNTGELFF
18;45;81;TGTGCCAGCAGTTTTTCCGGGACTAGCCCGTTCTTC;CASSFSGTSPFF
19;30;81;TGTGCCAGTAGTATACGGCACAGGGGTGATAGCAATCAGCCCCAGCATTTT;CASSIRHRGDSNQPQHF
20;45;81;TGTGCCAGCACCTTTCCCCAAGGTACGCAGTATTTT;CASTFPQGTQYF
21;27;81;TGTGCCAGCAGCCCTTCGGGTCGCACGAGCTCCTATAATTCACCCCTCCACTTT;CASSPSGRTSSYNSPLHF
22;39;81;TGTGCCAGCAGCCCGGGACAGCCTAATTCACCCCTCCACTTT;CASSPGQPNSPLHF
23;42;81;TGTGCCAGCAGTACGGTGAGGGACTATGGCTACACCTTC;CASSTVRDYGYTF
24;33;81;TGTGCCAGCAGCCAAGGGCAGGACCTTAGGGATTCACCCCTCCACTTT;CASSQGQDLRDSPLHF
25;42;81;TGTGCTAGTGCCGTAGCGAGTGGATCTGAGCAGTTCTTC;CASAVASGSEQFF
26;39;81;TGTGCCAGCAGTTTTACCCTGCGGAACTATGGCTACACCTTC;CASSFTLRNYGYTF
27;39;81;TGTGCCAGCAGTTCACAGGGGGCAGGACAGCCCCAGCATTTT;CASSSQGAGQPQHF
28;45;81;TGTGCCAGCCGGGTTTTTGAAAACACCATATATTTT;CASRVFENTIYF
29;36;81;TGTGCCAGCAGCCAAGGGGCACAAATTTACAATGAGCAGTTCTTC;CASSQGAQIYNEQFF
30;30;81;TGTGCCAGCTCACCGCGATCTTTAGGTAGAGGCACCGGGGAGCTGTTTTTT;CASSPRSLGRGTGELFF
31;42;81;TGTGCCAGCAGACGACAGGGGGACTATGGCTACACCTTC;CASRRQGDYGYTF
32;36;81;TGTGCCAGCAGCGTAGGGGCCGGGGGGCACACTGAAGCTTTCTTT;CASSVGAGGHTEAFF
33;39;81;TGTGCCTGGAGTTCGGGGCGTAGGGATCAGCCCCAGCATTTT;CAWSSGRRDQPQHF
34;42;81;TGTGCCAGCAGTTACCAAAACACAGATACGCAGTATTTT;CASSYQNTDTQYF
35;39;81;TGTGCCAGCAGCTTGGGCAGGGGTGATTCACCCCTCCACTTT;CASSLGRGDSPLHF
36;42;81;TGTGCCAGCAGCGCAACTGTTGCCGGGGAGCTGTTTTTT;CASSATVAGELFF
37;39;81;TGTGCCAGCACCCAGAGGTGGAATGCTCATCCCCAGCATTTT;CASTQRWNAHPQHF
38;45;81;TGTGCCAGCAGCTTAATTTCAAACACCATATATTTT;CASSLISNTIYF
39;42;81;TGCAGTGCTAGGCAGCCCCCCTACAATGAGCAGTTCTTC;CSARQPPYNEQFF
40;42;81;TGTGCCAGCAGTCCCCGGGGCATACAAGAAGCTTTCTTT;CASSPRGIQEAFF
41;36;81;TGTGCCAGCAGCCCGGGGACGGATGGGTATATCGAAGCTTTCTTT;CASSPGTDGYIEAFF
42;39;81;TGTGCCATCAGTAAACAGGGGCTTGAATCACCCCTCCACTTT;CAISKQGLESPLHF
43;36;81;TGTGCCAGCAGCTCCCAAGGAGCGGGGGGTGAGACCCAGTACTTC;CASSSQGAGGETQYF
44;42;81;TGTGCCAGCAGCGTAGGCAGCTCCTACGAGCAGTACTTC;CASSVGSSYEQYF
45;39;81;TGTGCCAGCAGCGTGGGACACGCTAACTATGGCTACACCTTC;CASSVGHANYGYTF
46;39;81;TGTGCCTGGAGTGTTAGTGGGTTCAATCAGCCCCAGCATTTT;CAWSVSGFNQPQHF
47;42;81;TGTGCCTGGAGTAAGGACAGGTATTCACCCCTCCACTTT;CAWSKDRYSPLHF
48;39;81;TGTGCCAGCAGCCCGACTAGCGCGACAGATACGCAGTATTTT;CASSPTSATDTQYF
49;39;81;TGTGCCAGCAGTGAGTTGCGGGGCACTGAGACCCAGTACTTC;CASSELRGTETQYF
50;33;81;TGCAGTGCCCCGACTAGCGGGGGGGCCTCGACAGATACGCAGTATTTT;CSAPTSGGASTDTQYF
51;30;81;TGTGCCAGTAGTACACGGTTCCAGGGGGTCGGCTCTTTCCAGCAGTACTTC;CASSTRFQGVGSFQQYF
52;30;81;TGTGCCAGCAGCTTTTATCTGAAGTGCGGGGGCCGAGAGACCCAGTACTTC;CASSFYLKCGGRETQYF
53;33;81;TGTGCCAGCAGCTTACTGGGACAGGGGTCGGGCACTGAAGCTTTCTTT;CASSLLGQGSGTEAFF
54;45;81;TGTGCCAGCAGCGCACCCACTCCGGAGCAGTACTTC;CASSAPTPEQYF
55;39;81;TGTGCCAGCAGTTCATATGGGACAGACTATGGCTACACCTTC;CASSSYGTDYGYTF
56;33;81;TGTGCCAGCAGCCTTACCCCAGCGGGGGTCTCCTACGAGCAGTACTTC;CASSLTPAGVSYEQYF
57;39;81;TGCAGTGCTAGAGATGGCGCAGCCCGCTATGGCTACACCTTC;CSARDGAARYGYTF
58;36;81;TGTGCCAGCAGCCGAGCGGAAGCGAGGGAAGGCGAGCAGTACTTC;CASSRAEAREGEQYF
59;30;81;TGTGCCAGCAGCTCCCCGAGGCTCGGGATCCTAAATCAGCCCCAGCATTTT;CASSSPRLGILNQPQHF
60;39;81;TGCAGCGTGGGCCGGGACATCGGCATTTTGGGCTACACCTTC;CSVGRDIGILGYTF
61;39;81;TGTGCCAGCAACCAACAGGGGGCGGGCACTGAAGCTTTCTTT;CASNQQGAGTEAFF
62;45;81;TGTGCCAGCGGACGGATTAATGAAAAACTGTTTTTT;CASGRINEKLFF
63;42;81;TGTGCCAGCACGTTTACATTCAATCAGCCCCAGCATTTT;CASTFTFNQPQHF
64;33;81;TGTGCCAGCAGCCCGGTAGGGACTAGCAATCTCTACGAGCAGTACTTC;CASSPVGTSNLYEQYF
65;36;81;TGTGCCAGAAGCCCGACGGACCGGGGAACCTATGGCTACACCTTC;CARSPTDRGTYGYTF
66;18;81;TGTGCCAGCAGTTTATACGGGGGGCTCTCAAACCAGGTAGCGGGCAATCAGCCCCAGCATTTT;CASSLYGGLSNQVAGNQPQHF
67;36;81;TGTGCCTGGAGTGACCTAACAGGGTCTAATGAAAAACTGTTTTTT;CAWSDLTGSNEKLFF
68;36;81;TGTGCCAGCTCACCAGGATACGGGGGGGCCTACGAGCAGTACTTC;CASSPGYGGAYEQYF
69;36;81;TGTGCCAGCAGCTTCGACAGGGGTTTAACCGGGGAGCTGTTTTTT;CASSFDRGLTGELFF
70;27;81;TGCGCCAGCAGCCAAGAGGGCGTGTGGGCTGGCATAAATTCACCCCTCCACTTT;CASSQEGVWAGINSPLHF
71;30;81;TGCGCCAGCAGCCTTACGGCGCTAAACTTCGGCGGCACTGAAGCTTTCTTT;CASSLTALNFGGTEAFF
72;39;81;TGTGCCAGTAGTGGGGGACTGATGAACACTGAAGCTTTCTTT;CASSGGLMNTEAFF
73;45;81;TGTGCCAGCAATGAGATGGGCTACGAGCAGTACTTC;CASNEMGYEQYF
74;33;81;TGTGCCAGCAGCTTGGGATCCGCGGGTCCTAATTCACCCCTCCACTTT;CASSLGSAGPNSPLHF
75;39;81;TGTGCCAGCAGTTCACAGGGGGCAGGGCAGCCCCAGCATTTT;CASSSQGAGQPQHF
76;33;81;TGCAGCGCCACGGCCATGACTAGCGGGGAGGCCGGGGAGCTGTTTTTT;CSATAMTSGEAGELFF
77;30;81;TGTGCCAGCAGCTTAGGGGGACAGGGGTCACAAAAAGAGACCCAGTACTTC;CASSLGGQGSQKETQYF
78;36;81;TGCAGTGCTAGATTCGGACAGGGGATTGACTACGAGCAGTACTTC;CSARFGQGIDYEQYF
79;39;81;TGTGCCAGCAGTTCACAGGGGGCAGGGCAGCCCCAGCATTTT;CASSSQGAGQPQHF
80;45;81;TGCAGTGCCGGACAGGGCAATCAGCCCCAGCATTTT;CSAGQGNQPQHF
81;42;81;TGTGCCAGCAGTTTAGAGGACTCTTTGCCCCAGCATTTT;CASSLEDSLPQHF
82;39;81;TGCAGTGCTACCGCCGGGACAGTAAACTATGGCTACACCTTC;CSATAGTVNYGYTF
83;39;81;TGCAGTGCTAGAGAGGGGGGCAGCAATCAGCCCCAGCATTTT;CSAREGGSNQPQHF
84;48;81;TGTGCCAGTAGTATCACCGGGGAGCTGTTTTTT;CASSITGELFF
85;33;81;TGTGCCAGCAGCAGTCCCGGGACATTTCGGGGCTATGGCTACACCTTC;CASSSPGTFRGYGYTF
86;36;81;TGTGCCAGCAGCTTAGGATTGGGGGCATGGGAGACCCAGTACTTC;CASSLGLGAWETQYF
87;36;81;TGTGCCAGCAGACCACAGGGGAAAAGGGCCTATGGCTACACCTTC;CASRPQGKRAYGYTF
88;39;81;TGTGCCAGCAGCGGTGACCGAAACACCAATGGCTACACCTTC;CASSGDRNTNGYTF
89;39;81;TGCAGTGCTAGAGCTAAGCAATGGAATTCACCCCTCCACTTT;CSARAKQWNSPLHF
90;42;81;TGTGCCAGCAGCCCGCAGGGGAACTATGGCTACACCTTC;CASSPQGNYGYTF
91;24;81;TGTGCCACCAGCAGAGGAGGGGGACAGCCATACCTAGGCAATCAGCCCCAGCATTTT;CATSRGGGQPYLGNQPQHF
92;33;81;TGTGCCAGCAGCTTAGCATGGCTAGCGGACACCGATGAGCAGTTCTTC;CASSLAWLADTDEQFF
93;54;81;TGCCCCATTGAGCACGAGCAGTACTTC;CPIEHEQYF
94;27;81;TGCAGCGTTCGACAGGGTGGGAGGTACCTCTCTGGGGCCAACGTCCTGACTTTC;CSVRQGGRYLSGANVLTF
95;36;81;TGCAGTGCCCAAGACAGGGGAGGTGGGCAAGAGACCCAGTACTTC;CSAQDRGGGQETQYF
96;36;81;TGTGCCAGCAGTTACTCATCGGGAGCACCTTATGGCTACACCTTC;CASSYSSGAPYGYTF
97;42;81;TGTGCCAGCAGTTACTCGACCCTTGGGGGCTACACCTTC;CASSYSTLGGYTF
98;39;81;TGCAGTGCCCCGGACAGGCGCAACCCACGAATTCTCCACTTT;CSAPDRRNPRILHF
99;42;81;TGTGCCAGCAGTTACTGGAAAAATCAGCCCCAGCATTTT;CASSYWKNQPQHF
100;33;81;TGTGCCAGCAGCGGACAGGGTGACGTGGTGAACTACGAGCAGTACTTC;CASSGQGDVVNYEQYF
101;36;81;TGTGCCAGCAGCTTGCCTAGGACGACTGGAAACACCATATATTTT;CASSLPRTTGNTIYF
102;36;81;TGTGCCAGCAGCTCGACCCGACAATCTGAACTTGAGCAGTTCTTC;CASSSTRQSELEQFF
103;39;81;TGTGCCATCAGTGGGGGACAGGGACTCTATGGCTACACCTTC;CAISGGQGLYGYTF
104;27;81;TGTGCCAGCAGTTACTCGAATATAGCGGGGCGGTCCTACAATGAGCAGTTCTTC;CASSYSNIAGRSYNEQFF
105;42;81;TGTGCCAGCCGTAGGGGCGACACCGGGGAGCTGTTTTTT;CASRRGDTGELFF
106;36;81;TGTGCCAGCAGTAAGCGGGGCAGTAACACCGGGGAGCTGTTTTTT;CASSKRGSNTGELFF
107;33;81;TGTGCCAGCAGTTTATCGATCGACAGGGCCACAGATACGCAGTATTTT;CASSLSIDRATDTQYF
108;33;81;TGTGCCAGCAGTCAGACTGGTGGGGGTTGGACCGGGGAGCTGTTTTTT;CASSQTGGGWTGELFF
109;39;81;TGTGCCAGCAGTCCATGGACAGGGGCTAGCGAGCAGTACTTC;CASSPWTGASEQYF
110;36;81;TGTGCCAGCAGCTTGAGGTCCAGCGAAAACACTGAAGCTTTCTTT;CASSLRSSENTEAFF
111;39;81;TGTGCCAGCAGTTATTCGCAGGGGATTCAGCCCCAGCATTTT;CASSYSQGIQPQHF
112;33;81;TGTGCCAGCAGTTACTATCGGTGGGGGCCCAACACTGAAGCTTTCTTT;CASSYYRWGPNTEAFF
113;33;81;TGTGCCAGCAGTGCCCCTAGTGGGTTTAGGGTTCAGCCCCAGCATTTT;CASSAPSGFRVQPQHF
114;39;81;TGTGCCAGCAGTTCACAGGGGGCAGGACAGCCCCAGCATTTT;CASSSQGAGQPQHF
115;45;81;TGTGCCAGTAGTATAGCAAGCAATGAGCAGTTCTTC;CASSIASNEQFF
116;36;81;TGTGCCAGCAGCTCCTGGGGGAGCTCCTACAATGAGCAGTTCTTC;CASSSWGSSYNEQFF
117;45;81;TGTGCCACGGGCCGCACGGAGGAAAAACTGTTTTTT;CATGRTEEKLFF
118;36;81;TGTGCCAGCAGTTACTCGCAGAAGCTCCAAGAGACCCAGTACTTC;CASSYSQKLQETQYF
119;39;81;TGTGCCAGCAGCCCGGTCGGGGGCCTGGAGACCCAGTACTTC;CASSPVGGLETQYF
120;36;81;TGTGCCAGCGATCACCCGGGATTTCTCACCGGGGAGCTGTTTTTT;CASDHPGFLTGELFF
121;39;81;TGTGCCAGCAGGTTTGGCGGGGCCGATTCACCCCTCCACTTT;CASRFGGADSPLHF
122;36;81;TGTGCCAGCAGCCGGGGACTAGCGGCGTACAATGAGCAGTTCTTC;CASSRGLAAYNEQFF
123;39;81;TGTGCCAGCAGTTCACAGGGGGCAGGACAGCCCCAGCATTTT;CASSSQGAGQPQHF
124;36;81;TGTGCCAGTAGTACGGGCATGGCGGGCAATCAGCCCCAGCATTTT;CASSTGMAGNQPQHF
125;45;81;TGTGCCAGCACCTTAAATACCGGTTCAGCTTTCTTT;CASTLNTGSAFF
126;39;81;TGTGCCAGCAGCCTCGGCGGGGGTGGTTATGGCTACACCTTC;CASSLGGGGYGYTF
127;42;81;TGTGCCAGTAGAGACAGGGAGGACTATGGCTACACCTTC;CASRDREDYGYTF
128;39;81;TGTGCCTGGAGTGTAAGGCAGGCTTACACTGAAGCTTTCTTT;CAWSVRQAYTEAFF
129;33;81;TGTGCCAGCAGCTTACGCGGGACAGGGGTGAACACTGAAGCTTTCTTT;CASSLRGTGVNTEAFF
130;45;81;TGTGCCAGCAGCCAAAGGGGAAACACCATATATTTT;CASSQRGNTIYF
131;36;81;TGTGCCAGCAGCGGCCGGACAGGGAGGGGAGAGACCCAGTACTTC;CASSGRTGRGETQYF
132;42;81;TGCAGTGCTAGTTTACTAGTCACAGATACGCAGTATTTT;CSASLLVTDTQYF
133;42;81;TGTGCCAGCAAACGACAAGCCAATCAGCCCCAGCATTTT;CASKRQANQPQHF
134;33;81;TGTGCCAGCAGCCCAGACATAGGGTATATGAACACTGAAGCTTTCTTT;CASSPDIGYMNTEAFF
135;45;81;TGTGCCTGGAGTGCAGGGGCAACTGAAGCTTTCTTT;CAWSAGATEAFF
136;39;81;TGTGCCAGCAGACAGGGGGCGAATTCCTACGAGCAGTACTTC;CASRQGANSYEQYF
137;42;81;TGTGCCAGCGTCTGGACGGAAAGCTACGAGCAGTACTTC;CASVWTESYEQYF
138;45;81;TGTGCCAGCCTTTGGATGCGGACCGAAGCTTTCTTT;CASLWMRTEAFF
139;39;81;TGTGCCAGTAGTATCCGCACAGGGAAACATGGCTACACCTTC;CASSIRTGKHGYTF
140;39;81;TGTGCCAGCAGGACAGGGGAATTCACAGATACGCAGTATTTT;CASRTGEFTDTQYF
141;36;81;TGCAGTGCTAGGGACCTTCTAGGGGATAATTCACCCCTCCACTTT;CSARDLLGDNSPLHF
142;36;81;TGTGCCAGCTCACCCACACAGGTCTCTGGAAACACCATATATTTT;CASSPTQVSGNTIYF
143;42;81;TGCAGTGCTAGATACCGTGGGGGCACTGAAGCTTTCTTT;CSARYRGGTEAFF
144;39;81;TGTGCCAGCAGCTCGCAACAGGGGGCCTATGGCTACACCTTC;CASSSQQGAYGYTF
145;36;81;TGTGCCAGCAGTGTCGGCAGCAGGGTGGGGGAGCCCCAGCATTTT;CASSVGSRVGEPQHF
146;45;81;TGTGCCAGCAGTCATGGACAGGGCCGAGCTTTCTTT;CASSHGQGRAFF
147;24;81;TGTGCCAGCAGCCTGATCGGTCTAGCGGGGGGGACTGTTCGACTTGAGCAGTTCTTC;CASSLIGLAGGTVRLEQFF
148;45;81;TGTGCCAGCAGTTACGGGGGAGCCGGCTACACCTTC;CASSYGGAGYTF
149;45;81;TGTGCCAGCAGTCATACAGGTTCTGAAGCTTTCTTT;CASSHTGSEAFF
150;42;81;TGTGCCAGCAGCCCCGACAGGGGGCGTGAGCAGTTCTTC;CASSPDRGREQFF
151;39;81;TGTGCCAGCAGCACTCAACAGGGGGGCTATGGCTACACCTTC;CASSTQQGGYGYTF
152;36;81;TGTGCCAGCAGCTTAGGGGGCGAAACCTACAATGAGCAGTTCTTC;CASSLGGETYNEQFF
153;36;81;TGTGCCATCAGTGAGTGGCAGGTCCACTACAATGAGCAGTTCTTC;CAISEWQVHYNEQFF
154;39;81;TGTGCCAGCAGCGTCTTGGCGGGGGGGCATGAGCAGTTCTTC;CASSVLAGGHEQFF
155;36;81;TGTGCCAGCAGTAACGCTCGGACAGGGGAAGAGACCCAGTACTTC;CASSNARTGEETQYF
156;30;81;TGTGCCAGCAGCCAAGATCAGGACAGGGAGGGAAGTTCACCCCTCCACTTT;CASSQDQDREGSSPLHF
157;42;81;TGTGCCAGCAGACGACAGGGGGACTATGGCTACACCTTC;CASRRQGDYGYTF
158;42;81;TGTGCCAGCAGTGGACAGGGGGCAAATGAGCAGTTCTTC;CASSGQGANEQFF
159;30;81;TGTGCCTGGAGACGGGGGAGGCTTAAATCTGGGGCCAACGTCCTGACTTTC;CAWRRGRLKSGANVLTF
160;42;81;TGTGCCAGCAAGAGGGGGATGCTCTACGAGCAGTACTTC;CASKRGMLYEQYF
161;33;81;TGTGCCAGTAGTATCTTTACGGGACAGGGGGGTCAGCCCCAGCATTTT;CASSIFTGQGGQPQHF
162;33;81;TGTGCCAGCAGTTACCGGAGCCTAGCGGGGGAAGAGACCCAGTACTTC;CASSYRSLAGEETQYF
163;36;81;TGTGCCAGCAGTGCCCCTCGGACTAGCGGTGAGACCCAGTACTTC;CASSAPRTSGETQYF
164;33;81;TGTGCCAGCAGCTTAGGGACGGGGGGAAGCACAGATACGCAGTATTTT;CASSLGTGGSTDTQYF
165;21;81;TGTGCCAGCAGCTTACGCTCGCGGGTTGGTATGCGCGACAGGGATAACGGCTACACCTTC;CASSLRSRVGMRDRDNGYTF
166;42;81;TGTGCCAGTAGGGACAGGGTTAACTATGGCTACACCTTC;CASRDRVNYGYTF
167;33;81;TGTGCCAGCAGCCGACACGTGAACCCACTAAACTATGGCTACACCTTC;CASSRHVNPLNYGYTF
168;45;81;TGTGCCTGGAGTGTAAAGTGGGAGACCCAGTACTTC;CAWSVKWETQYF
169;45;81;TGTGCCAGCCGTGGTCGGGGGTACGAGCAGTACTTC;CASRGRGYEQYF
170;45;81;TGCAGTGCGACTAGCGGGGGTGGCGAGCAGTACTTC;CSATSGGGEQYF
171;33;81;TGTGCCATCAGTGAGCGCTACAGCCCCTACACCGGGGAGCTGTTTTTT;CAISERYSPYTGELFF
172;45;81;TGTGCCAGCAGTTTTTCCGGGACTAGCCCGTTCTTC;CASSFSGTSPFF
173;45;81;TGTGCCGAAGACAGGGGGTTGGACGGCTACACCTTC;CAEDRGLDGYTF
174;39;81;TGTGCCAGCAGCCCCGCCGTTTGGAACACTGAAGCTTTCTTT;CASSPAVWNTEAFF
175;33;81;TGTGCCAGCAGTCCATCCCTCGGGGCCAGGGCGGCCGAGCAGTACTTC;CASSPSLGARAAEQYF
176;36;81;TGTGCCAGCAGCTTAAGGGGGAGCTCCTACAATGAGCAGTTCTTC;CASSLRGSSYNEQFF
177;33;81;TGTGCCAGTACCTTAGGGGGGTTCACAGGCAATCAGCCCCAGCATTTT;CASTLGGFTGNQPQHF
178;36;81;TGCAGTGCTAGTCAGCAGCGGGGGAGAACCTACGAGCAGTACTTC;CSASQQRGRTYEQYF
179;33;81;TGTGCCAGCAGCTTAGTAGAGACTAGCGAGTACAATGAGCAGTTCTTC;CASSLVETSEYNEQFF
180;42;81;TGTGCCAGCAGCTTAGATCGCAATCAGCCCCAGCATTTT;CASSLDRNQPQHF
181;39;81;TGTGCCAGTAGGGCCGGCAGTGCTCTTTCACCCCTCCACTTT;CASRAGSALSPLHF
182;42;81;TGTGCCAGCAGCTCCCAGGGAAACACTGAAGCTTTCTTT;CASSSQGNTEAFF
183;42;81;TGCGCCAGCAGCTCGACGGTCGGATATGGCTACACCTTC;CASSSTVGYGYTF
184;36;81;TGTGCCAGCAGCCTACAACAGGGGGCGGGCTACGAGCAGTACTTC;CASSLQQGAGYEQYF
185;36;81;TGTGCCAGCGGGGGGGACACGGGCTATAATTCACCCCTCCACTTT;CASGGDTGYNSPLHF
186;33;81;TGTGCCAGCATGGGACAGGGAATGGGCTATAATTCACCCCTCCACTTT;CASMGQGMGYNSPLHF
187;42;81;TGTGCCAGCTCACCAAATAGGGAGGGTATTCAGTACTTC;CASSPNREGIQYF
188;39;81;TGTGCCAGCAGTCCCCCCCGGGGATGGTCACCCCTCCACTTT;CASSPPRGWSPLHF
189;39;81;TGCAGCGTTGTCGGAGCCCCAGGGAACACTGAAGCTTTCTTT;CSVVGAPGNTEAFF
190;45;81;TGTGCCAGCAGTGTCGCAGGGAGCGAGCAGTACTTC;CASSVAGSEQYF
191;33;81;TGTGCCAGCAGCCTTACCCCAGCGGGGGTCTCCTACGAGCAGTACTTC;CASSLTPAGVSYEQYF
192;33;81;TGTGCCAGCAGCCAAGTTAGCGGTAGCTCCTACAATGAGCAGTTCTTC;CASSQVSGSSYNEQFF
193;39;81;TGTGCCAGCCGCCGCCTGGACTCTGCGGATACGCAGTATTTT;CASRRLDSADTQYF
194;27;81;TGTGCCAGCAGTTCCAGCGGGGGGAGTAATGCGAACACCGGGGAGCTGTTTTTT;CASSSSGGSNANTGELFF
195;42;81;TGCAGTGCTAGGGCCCTCAGCCACTATGGCTACACCTTC;CSARALSHYGYTF
196;39;81;TGCAGTGCTATAGCCGGACAGGGCGATCAGCCCCAGCATTTT;CSAIAGQGDQPQHF
197;33;81;TGTGCCAGCAGCCAAGTAGGCTGGCGGGGGCAAGAGACCCAGTACTTC;CASSQVGWRGQETQYF
198;45;81;TGTGCCAGCAGTTTATCTGACGGGGGCTACACCTTC;CASSLSDGGYTF
199;36;81;TGTGCCAGTAGTCCGGGACAGGGAAGCAATCAGCCCCAGCATTTT;CASSPGQGSNQPQHF
200;36;81;TGTGCCAGCAGTCCCTCGAGGCCAGGCGGAAACACCATATATTTT;CASSPSRPGGNTIYF
201;42;81;TGTGCCAGCAGCGCCAGGGGGTTGGAGACCCAGTACTTC;CASSARGLETQYF
202;36;81;TGCAGTCCCCCGTTAGCGGGGGGAGGGAACAATGAGCAGTTCTTC;CSPPLAGGGNNEQFF
203;27;81;TGTGCCAGCAGTATGAATATTCTAGGGTCGGCATCGGGAACTGAAGCTTTCTTT;CASSMNILGSASGTEAFF
204;39;81;TGTGCCAGCAGCACCGGGACAGGGTACAATGAGCAGTTCTTC;CASSTGTGYNEQFF
205;36;81;TGTGCCAGCAGCGTAAACCCGGGAGAGAACACTGAAGCTTTCTTT;CASSVNPGENTEAFF
206;45;81;TGTGCCAGCAGCAGGAACACCGGGGAGCTGTTTTTT;CASSRNTGELFF
207;33;81;TGTGCCAGCAGTTACTCGATGACAGGGCGGATCCACGAGCAGTACTTC;CASSYSMTGRIHEQYF
208;39;81;TGTGCCAGCAGACTCCTGGGGATCGACTATGGCTACACCTTC;CASRLLGIDYGYTF
209;42;81;TGTGCCAGTAGTCCTCAGGGATTTTATGGCTACACCTTC;CASSPQGFYGYTF
210;39;81;TGTGCCAGCAGTTTAGGGACCGTGAACACTGAAGCTTTCTTT;CASSLGTVNTEAFF
211;39;81;TGCAGTGCTACCGGGACAGGGACCGTCTACGAGCAGTACTTC;CSATGTGTVYEQYF
212;33;81;TGCGCCAGCAGTGAGTCGAAGTCCCGGGACGGTGAAAAACTGTTTTTT;CASSESKSRDGEKLFF
213;39;81;TGTGCCAGCGCGACTATAGGCCTTAACTATGGCTACACCTTC;CASATIGLNYGYTF
214;39;81;TGCGCCAGCAGGGATGGGACAGGGAAAGTGACAGCTTTCTTT;CASRDGTGKVTAFF
215;54;81;AAACTATCTCGAGAGACCCAGTACTTC;KLSRETQYF
216;42;81;TGTGCCAGCAGCAAGCGGGGGATGGAGACCCAGTACTTC;CASSKRGMETQYF
217;30;81;TGCAGTGCCCGGATAGGGGACAGGGGTAATAGCAATCAGCCCCAGCATTTT;CSARIGDRGNSNQPQHF
218;42;81;TGTGCCAGTAGTAGCCAGGATCTGCGCAAACTGTTTTTT;CASSSQDLRKLFF
219;36;81;TGCGCCAGCAGCTTGGGGGGTTCCGGACCGCGCGAGCAGTACTTC;CASSLGGSGPREQYF
220;42;81;TGTGCCAGCAGTTTAGAGTCTTTTGGGGGCTACACCTTC;CASSLESFGGYTF
221;39;81;TGTGCCAGCAGCCCAACATCGAACACCGGGGAGCTGTTTTTT;CASSPTSNTGELFF
222;36;81;TGTGCAAGTCGCTTAGAGGGACAGGGTTCCTATGGCTACACCTTC;CASRLEGQGSYGYTF
223;48;81;TGTGCCAGCAGCCAAGAAAGAGGCTACACCTTC;CASSQERGYTF
224;36;81;TGCGCCAGCAGCCAAGGCGGGTCAGGCTATCAGCCCCAGCATTTT;CASSQGGSGYQPQHF
225;;;;
226;36;81;TGTGCCAGCACGCCCGAAGCGGGGACCTTCTACGAGCAGTACTTC;CASTPEAGTFYEQYF
227;39;81;TGTGCCAGCAGTTCACAGGGGGCAGGGCAGCCCCAGCATTTT;CASSSQGAGQPQHF
228;39;81;TGTGCCAGCACCGAGGGGGGGGTCTACAATGAGCAGTTCTTC;CASTEGGVYNEQFF
229;39;81;TGTGCCAGCAGCTTAGCTCGGGACAGCTACGAGCAGTACTTC;CASSLARDSYEQYF
230;33;81;TGTGCCAGCAGCTTACGAGGGGGAGGCAGCAATCAGCCCCAGCATTTT;CASSLRGGGSNQPQHF
231;45;81;TGCAGTGCCACGCGGACTAACTATGGCTACACCTTC;CSATRTNYGYTF
232;39;81;TGTGCCAGCAGCCAAGCGGGGGGTATATCTGAAGCTTTCTTT;CASSQAGGISEAFF
233;39;81;TGTGCCAGCAGCCCCGGGGGGGGCCCCTATGGCTACACCTTC;CASSPGGGPYGYTF
234;33;81;TGTGCCAGCAGCCCCAGGGCGAGAAGGGGCACCGGGGAGCTGTTTTTT;CASSPRARRGTGELFF
235;30;81;TGTGCCAGCAGCGTAGGTTTAGTCGCCTCCCTTTACAATGAGCAGTTCTTC;CASSVGLVASLYNEQFF
236;39;81;TGCGCCAGCAGCTTGGATGCCGGGGACTATGGCTACACCTTC;CASSLDAGDYGYTF
237;33;81;TGTGCCAGCAGCTTAGTTGACAGGGAAGAAGGAAACACCATATATTTT;CASSLVDREEGNTIYF
238;24;81;TGTGCCAGCAGCCAAGCAGGTCGGGGCGGGGGGGCCTTTAGTAAGACCCAGTACTTC;CASSQAGRGGGAFSKTQYF
239;33;81;TGTGCCAGCAGCCAAGTCCCCTGGGGCGTTAATGAAAAACTGTTTTTT;CASSQVPWGVNEKLFF
240;45;81;TGTGCCAGCAGCGCCGGGACTAGGTTCCAGTACTTC;CASSAGTRFQYF
241;33;81;TGTGCCAGCAGTCCTACCGCCGGGACAGGGAGCGAAAAACTGTTTTTT;CASSPTAGTGSEKLFF
242;39;81;TGTGCCAGTAGTACCCGACCGTACCAAGAGACCCAGTACTTC;CASSTRPYQETQYF
243;42;81;TGCGCCAGCAGCTTCGGGCTACAAGAGACCCAGTACTTC;CASSFGLQETQYF
244;45;81;TGTGCCAGCAGTGGCATCACCGGGGAGCTGTTTTTT;CASSGITGELFF
245;42;81;TGCGCCAGCAGCCCGACAGAGCAAGAGACCCAGTACTTC;CASSPTEQETQYF
246;45;81;TGTGCCAGCAGTTACGGGGGAGCCGGCTACACCTTC;CASSYGGAGYTF
247;33;81;TGTGCCAGCAGCCCGGTAGGGACTAGCAATCTCTACGAGCAGTACTTC;CASSPVGTSNLYEQYF
248;39;81;TGTGCCAGCAGCTTGAAATCAGGAAAAGAGACCCAGTACTTC;CASSLKSGKETQYF
249;33;81;TGTGCCAGTAGTATAGACACTGACGACAACAATCAGCCCCAGCATTTT;CASSIDTDDNNQPQHF
250;33;81;TGCAGCGTTTATGCTATGCGGGGGGGCGAAAGGGGTGAGCAGTTCTTC;CSVYAMRGGERGEQFF
251;42;81;TGCAGCGTTATGGGACTAGCGGGGGATACGCAGTATTTT;CSVMGLAGDTQYF
252;36;81;TGTGCCATCAGGACCCTCAGGGGGCCTGGAAACACCATATATTTT;CAIRTLRGPGNTIYF
253;33;81;TGTGCCAGCAGTCTCCAGGGGCTTCCCATCACAGATACGCAGTATTTT;CASSLQGLPITDTQYF
254;42;81;TGTGCCAGCAGCAGGAACCGTTGGGAGACCCAGTACTTC;CASSRNRWETQYF
255;39;81;TGTGCCAGTAGTATAGGGGCAGGGAGTAAGCCCCAGCATTTT;CASSIGAGSKPQHF
256;42;81;TGCGCCACCTCGACAGCTAGCACAGATACGCAGTATTTT;CATSTASTDTQYF
257;48;81;TGCAGCGTTATGGCTAACTATGGCTACACCTTC;CSVMANYGYTF
258;36;81;TGTGCCAGCAGCCAAGGGGGCCAGCCAAACACTGAAGCTTTCTTT;CASSQGGQPNTEAFF
259;39;81;TGTGCCAGCAGCCAAGAGGTGCAGGGGAGTGGCTACACCTTC;CASSQEVQGSGYTF
260;39;81;TGTGCCAGCAGTTCCCAGGGGTTCCGGCCTGAAGCTTTCTTT;CASSSQGFRPEAFF
261;39;81;TGTGCCACCAGCCTCGACAGTTCCCGCAGGGAGCAGTTCTTC;CATSLDSSRREQFF
262;36;81;TGTGCCAGCAGCGAGGCGGGGCGATACACCGGGGAGCTGTTTTTT;CASSEAGRYTGELFF
263;39;81;TGTGCCAGCAGCTTGAACAGCTACACCGGGGAGCTGTTTTTT;CASSLNSYTGELFF
264;42;81;TGTGCCAGCAGCTTAGCAGGGGACTATGGCTACACCTTC;CASSLAGDYGYTF
265;42;81;TGTGCCAGCAGACGACAGGGGGACTATGGCTACACCTTC;CASRRQGDYGYTF
266;39;81;TGTGCCAGCAGCTTAGTCGTGGCATACACTGAAGCTTTCTTT;CASSLVVAYTEAFF
267;36;81;TGTGCCAGCAGCCAAGAGACAGGGACCGGCTACGAGCAGTACTTC;CASSQETGTGYEQYF
268;33;81;TGTGCCAGCAGCTTAGCTGGGACTAGCGGGCCCGGGAAGTGGTATTTT;CASSLAGTSGPGKWYF
269;33;81;TGTGCCATCCCTCGGGACAGCATCTCTGGGGCCAACGTCCTGACTTTC;CAIPRDSISGANVLTF
270;42;81;TGTGCCAGCAGCTTCACAAACCAAGAGACCCAGTACTTC;CASSFTNQETQYF
271;;;;
272;45;81;TGTGCCAGCAGCTTAGGTCCGTACGAGCAGTACTTC;CASSLGPYEQYF
273;36;81;TGTGCCAGCAGTTCCTATTTTAGACAGAACAATGGCTACACCTTC;CASSSYFRQNNGYTF
274;36;81;TGTGCCATCAGTGAACCCGGGACAGGGGGCTACGAGCAGTACTTC;CAISEPGTGGYEQYF
275;45;81;TGTGCCAGCGGGCGACAGTCCTACGAGCAGTACTTC;CASGRQSYEQYF
276;36;81;TGTGCCAGCAGTTACTTAAGGGGAAGGGACACTGAAGCTTTCTTT;CASSYLRGRDTEAFF
277;36;81;TGTGCCAGCAGTGAATCAGGCCTAGCGAGCAATGAGCAGTTCTTC;CASSESGLASNEQFF
278;51;81;TGCAGCGTTGAAATCTCACCCCTCCACTTT;CSVEISPLHF
279;42;81;TGTGCCAGCAGTTACCAAAACACAGATACGCAGTATTTT;CASSYQNTDTQYF
280;39;81;TGTGCCAGCAGACTTGACAGGGGGCGGGAGACCCAGTACTTC;CASRLDRGRETQYF
281;42;81;TGCGCCAGCAGTCATTTTTCGGGGGATGGCTACACCTTC;CASSHFSGDGYTF
282;42;81;TGTGCCAGCAGCCTCCTGGGGTGGGATGGCTACACCTTC;CASSLLGWDGYTF
283;27;81;TGCAGTGCTAGAAACCGCCTAGCGGGGGGACCTAACACCGGGGAGCTGTTTTTT;CSARNRLAGGPNTGELFF
284;39;81;TGTGCCAGCAGTTTAGGGGGCTTGAACACTGAAGCTTTCTTT;CASSLGGLNTEAFF
285;42;81;TGTGCCAGCAGCCCAACAGGGGGCTCTGAAGCTTTCTTT;CASSPTGGSEAFF
286;33;81;TGTGCCAGCAGCCACCCCAGACAGGGCTATAATTCACCCCTCCACTTT;CASSHPRQGYNSPLHF
287;36;81;TGTGCCAGCAGTGTGGAGCTGGGTATCACAGATACGCAGTATTTT;CASSVELGITDTQYF
288;39;81;TGCGCCAGCAGCCAAGAGAGTCAGGTCTACGAGCAGTACTTC;CASSQESQVYEQYF
289;36;81;TGTGCCAGCAGTGTCGGAGGCTACTCTGGAAACACCATATATTTT;CASSVGGYSGNTIYF
290;33;81;TGTGCCAGCAAACACGAGGAAAGCTCCTATAATTCACCCCTCCACTTT;CASKHEESSYNSPLHF
291;42;81;TGTGCCAGCAGTGAGCGGGGGACGAATACGCAGTATTTT;CASSERGTNTQYF
292;39;81;TGTGCCAGCAGTGTGCATCAGGGGGTCTATGGCTACACCTTC;CASSVHQGVYGYTF
293;36;81;TGTGCCAGCAGCCCTACAGGGGGGGGCACCTATGGCTACACCTTC;CASSPTGGGTYGYTF
294;36;81;TGTGCCAGCAGTTACTTACTTAGGGGATCCACTGAAGCTTTCTTT;CASSYLLRGSTEAFF
295;39;81;TGTGCCAGCAGCCGGGGGCAGGGGACGACTGAAGCTTTCTTT;CASSRGQGTTEAFF
296;33;81;TGTGCCAGCAGTTATTTCAGTTCCTCTGGGGCCAACGTCCTGACTTTC;CASSYFSSSGANVLTF
297;30;81;TGTGCCAGCAGCTCTGGGGCTAGCGGGGCCGCGAGAGAGACCCAGTACTTC;CASSSGASGAARETQYF
298;42;81;TGCAGCGTCGCTACAGGGAAGTTGGACACCATATATTTT;CSVATGKLDTIYF
299;36;81;TGCGCCAGCAGCCTGGACACCGCGAACACCGGGGAGCTGTTTTTT;CASSLDTANTGELFF
300;39;81;TGTGCCAGCAGTTTAACTAGCGGGGGCATTCTGCAGTTCTTC;CASSLTSGGILQFF
301;36;81;TGTGCCAGCAGCGGACGCAGGGCCCGTGTTGCTGGCTACACCTTC;CASSGRRARVAGYTF
302;30;81;TGTGCCAGCAGAGTTGTCTCCGGGACAGGGAATCTCAATGAGCAGTTCTTC;CASRVVSGTGNLNEQFF
303;39;81;TGTGCCAGCAGTTCACAGGGGGCAGGACAGCCCCAGCATTTT;CASSSQGAGQPQHF
304;42;81;TGTGCCAGCAGTTACAGGAACAAAGAGACCCAGTACTTC;CASSYRNKETQYF
305;39;81;TGTGCCAGCAGCCAAAGGCCGACATCCTACGAGCAGTACTTC;CASSQRPTSYEQYF
306;27;81;TGCAGTGCTTCTACTTGGCGACAGGGGTATTTGAGCAATCAGCCCCAGCATTTT;CSASTWRQGYLSNQPQHF
307;39;81;TGTGCCAGCAGAGACAGGGGGCGCCAAAACATTCAGTACTTC;CASRDRGRQNIQYF
308;39;81;TGCGCCAGCAGCGAGGGGAGCCGGGGAACTGAAGCTTTCTTT;CASSEGSRGTEAFF
309;39;81;TGTGCCAGCAGCCACCCCAGGCGGAGAAACATTCAGTACTTC;CASSHPRRRNIQYF
310;39;81;TGTGCCAGCAGCTTGGTGGACAGGGGTTCACCCCTCCACTTT;CASSLVDRGSPLHF
311;42;81;TGTGCCAGCTCCGGGTGGGCGGACACTGAAGCTTTCTTT;CASSGWADTEAFF
312;39;81;TGTGCCAGCAGTTTGTGGGAGACAGGGACCGGCTACACCTTC;CASSLWETGTGYTF
313;36;81;TGTGCCAGCAGCTTGGGAGTTGTCTATAATTCACCCCTCCACTTT;CASSLGVVYNSPLHF
314;27;81;TGTGCCAGCAGCTTAACCTTGAACCGGGACAGGGACCAAGAGACCCAGTACTTC;CASSLTLNRDRDQETQYF
315;42;81;TGCAGTGCTAGAGAGGAAACCGGCATAGGCTACACCTTC;CSAREETGIGYTF
316;42;81;TGTGCCAGCAAGGAGGACTTAAATCAGCCCCAGCATTTT;CASKEDLNQPQHF
317;48;81;TGGGTGGCGGGGGGCACAGATACGCAGTATTTT;WVAGGTDTQYF
318;33;81;TGTGCCAGCAGCTTATTTGACGGCGACTCTGGAAACACCATATATTTT;CASSLFDGDSGNTIYF
319;39;81;TGTGCCAGCAACCAACAGGGGGCGGGCACTGAAGCTTTCTTT;CASNQQGAGTEAFF
320;42;81;TGTGCCAGCAGCTTCACAAACCAAGAGACCCAGTACTTC;CASSFTNQETQYF
321;30;81;TGTGCCAGCAGCTTCGGCACCCACAGGGGGCAGTACTATGGCTACACCTTC;CASSFGTHRGQYYGYTF
322;36;81;TGCGCCAGCAGCCTGCAGCTCGCGAACACCGGGGAGCTGTTTTTT;CASSLQLANTGELFF
323;42;81;TGTGCCAGCAGTTACACAGGGACTCACGAGCAGTACTTC;CASSYTGTHEQYF
324;36;81;TGTGCCAGCAGCCGCCGACAGGGGAATGGTTATGGCTACACCTTC;CASSRRQGNGYGYTF
325;36;81;TGTGCCAGCTTTGAGGGAGGCTTCCCGAACACTGAAGCTTTCTTT;CASFEGGFPNTEAFF
326;33;81;TGTGCCAGCAGCGACGGACAGGCGGGCCTATGGGGTGAAGCTTTCTTT;CASSDGQAGLWGEAFF
327;36;81;TGTGCCACCCCGAACAGCCAGAGCTCCTACAATGAGCAGTTCTTC;CATPNSQSSYNEQFF
328;39;81;TGCGCCAGCAGCCTAAGGACAGGGGATTCCCCCCTCCACTTT;CASSLRTGDSPLHF
329;33;81;TGTGCCAGCAGTCTCCCCCAGCTAGCGGGGGATGGGGAGCTGTTTTTT;CASSLPQLAGDGELFF
330;33;81;TGTGCCAGCAGCGAAAGATGGGTGAGCTCCTACAATGAGCAGTTCTTC;CASSERWVSSYNEQFF
331;36;81;TGTGCCTGGAGCGCCGGGCCCAGCTCTGGAAACACCATATATTTT;CAWSAGPSSGNTIYF
332;42;81;TGTGCCAGCAGTGAGACTAGCGGGGCCGAACAGTTCTTC;CASSETSGAEQFF
333;27;81;TGCAGCGTTCTGTCCGACGTACGGGGTCGAGGCGTGAACACTGAAGCTTTCTTT;CSVLSDVRGRGVNTEAFF
334;39;81;TGTGCCAGCAGTGCCGGGACAGGGTTCTATGGCTACACCTTC;CASSAGTGFYGYTF
335;18;81;TGTGCCAGCAGTTTATGGGCATCCGGGACAGGGCGCCCCTATAGCAATCAGCCCCAGCATTTT;CASSLWASGTGRPYSNQPQHF
336;36;81;TGTGCCAGCCCTGGGACAGGGGATTTCATCGGGGAGCTGTTTTTT;CASPGTGDFIGELFF
337;36;81;TGTGCCAGCAGCTTAGCCGGGACAGGGTTGAACACCATATATTTT;CASSLAGTGLNTIYF
338;45;81;TGTGCCAGCACTCAGGGGTCTCAGCCCCAGCATTTT;CASTQGSQPQHF
339;36;81;TGTGCCAGCAGTGATCAGGGGATGTATAATTCACCCCTCCACTTT;CASSDQGMYNSPLHF
340;42;81;TGTGCCAGCAGCTTACGCCTCAAGACTGAAGCTTTCTTT;CASSLRLKTEAFF
341;30;81;TGTGCCAGCAGCTTAGGATCGGGGTGGGGGAACACAGATACGCAGTATTTT;CASSLGSGWGNTDTQYF
342;36;81;TGCAGTGCTAGAGATCCCGGGACAGGGAACACTGAAGCTTTCTTT;CSARDPGTGNTEAFF
343;30;81;TGTGCCTGGACGCCGACCGGTGGGGGCCTTGGTAATTCACCCCTCCACTTT;CAWTPTGGGLGNSPLHF
344;33;81;TGTGCCAGCAGTGCCCCTAGTGGGTTTAGGGTTCAGCCCCAGCATTTT;CASSAPSGFRVQPQHF
345;39;81;TGTGCCAGCAGCCAAGGGGCTAGATCAGAGACCCAGTACTTC;CASSQGARSETQYF
346;36;81;TGTGCCACCAGCAGAGATTCGGCCGGCTACACTGAAGCTTTCTTT;CATSRDSAGYTEAFF
347;30;81;TGTGCCAGCAGCCAGAAACGGTGGGGACAGGGGTTTGAAAAACTGTTTTTT;CASSQKRWGQGFEKLFF
348;18;81;TGCAGTGCTAGAGTGCCGTTGGGGACAGGGGACGCCTACTCTGGGGCCAACGTCCTGACTTTC;CSARVPLGTGDAYSGANVLTF
349;39;81;TGTGCCAGCAGCCCGGGGATCTATAATTCACCCCTCCACTTT;CASSPGIYNSPLHF
350;39;81;TGCAGTGCTAGGCACACAGGGGTTAACTATGGCTACACCTTC;CSARHTGVNYGYTF
351;42;81;TGTGCCAGCAGTGGGACTTACTCCTACGAGCAGTACTTC;CASSGTYSYEQYF
352;39;81;TGTGCCAGCAGCTTAGTATTAGGGTATGCTGGCTACACCTTC;CASSLVLGYAGYTF
353;39;81;TGTGCCAGCAGCTTAGCGCGGGAGACCCCTGAAGCTTTCTTT;CASSLARETPEAFF
354;27;81;TGTGCCAGCAGCCAGCGGACAGGGGCAAGCTCCTATAATTCACCCCTCCACTTT;CASSQRTGASSYNSPLHF
355;39;81;TGTGCCTCGAAACGGGGGACAACTAACTATGGCTACACCTTC;CASKRGTTNYGYTF
356;39;81;TGTGCCAGCAGACGACAGGGGGGTAATGAAAAACTGTTTTTT;CASRRQGGNEKLFF
357;27;81;TGTGCAAGTCGCTTATGCAGCCGGGGGCCTCAGAACACCGGGGAGCTGTTTTTT;CASRLCSRGPQNTGELFF
358;36;81;TGTGCCACGAGGGAGGGACTCTCTGGGGCCAACGTCCTGACTTTC;CATREGLSGANVLTF
359;42;81;TGTGCTCTCAACCCGGCTAGTCCCAATGAGCAGTTCTTC;CALNPASPNEQFF
360;42;81;TGTGCCAGCAGCCCTCAACACACAGATACGCAGTATTTT;CASSPQHTDTQYF
361;42;81;TGTGCCAGCAGACGACAGGGGGACTATGGCTACACCTTC;CASRRQGDYGYTF
362;42;81;TGTGCCAGCAGTTACCAAAACACAGATACGCAGTATTTT;CASSYQNTDTQYF
363;27;81;TGTGCCAGCTCACTCGGACAACCTCAGTCTAGCTCTGGAAACACCATATATTTT;CASSLGQPQSSSGNTIYF
364;33;81;TGTGCCAGCAGTTACCTGATGGACAGCTCCTACAATGAGCAGTTCTTC;CASSYLMDSSYNEQFF
365;36;81;TGTGCCAGCAGCGTAGACGGGTCTGGGGCCAACGTCCTGACTTTC;CASSVDGSGANVLTF
366;42;81;TGTGCCAGCCGTAGGGGCGACACCGGGGAGCTGTTTTTT;CASRRGDTGELFF
367;39;81;TGTGCCAGCAGCCCCGGGGGGGGGACTTCACCCCTCCACTTT;CASSPGGGTSPLHF
368;39;81;TGTGCCAGCAGCTTCGGGCGGGAGACCTATGGCTACACCTTC;CASSFGRETYGYTF
369;39;81;TGTGCCATCAGGGGGACTTCAGGGCCAGATACGCAGTATTTT;CAIRGTSGPDTQYF
370;39;81;TGTGCCAGCAGCCCGGGCGGGGGCCTGGAGACCCAGTACTTC;CASSPGGGLETQYF
371;39;81;TGTGCCAGTAGTACCCTGGACAGCGACACTGAAGCTTTCTTT;CASSTLDSDTEAFF
372;42;81;TGTGCCTGGGCGGGGCAGAACAATCAGCCCCAGCATTTT;CAWAGQNNQPQHF
373;39;81;TGTGCCAGCAGCCATGCAAGGGGGAATTCACCCCTCCACTTT;CASSHARGNSPLHF
374;45;81;TGCAGTGCTGGTCAGGGAAATCAGCCCCAGCATTTT;CSAGQGNQPQHF
375;39;81;TGTGCCAGCAGTTCACAGGGGGCAGGGCAGCCCCAGCATTTT;CASSSQGAGQPQHF
376;39;81;TGTGCCAGCAGCTTAGGGGGCGGATACAATGAGCAGTTCTTC;CASSLGGGYNEQFF
377;39;81;TGTGCCGTCGAAGCGCTCCGGGGGAATGAAAAACTGTTTTTT;CAVEALRGNEKLFF
378;48;81;TGTGCCAGCAGTTTTCGGGGGGACTACACCTTC;CASSFRGDYTF
379;39;81;TGTGCCAGCAGTTCACAGGGGGCAGGGCAGCCCCAGCATTTT;CASSSQGAGQPQHF
380;42;81;TGTGCTAGCAGCAGGGACAGACAAGAGACCCAGTACTTC;CASSRDRQETQYF
381;48;81;TGCAGCGGTACTAGGTCCAATGAGCAGTTCTTC;CSGTRSNEQFF
382;36;81;TGCGCCAGCAGGCGTAGCGGGGGGGTCTACAATGAGCAGTTCTTC;CASRRSGGVYNEQFF
383;36;81;TGTGCCAGCAGCGTTCGGGACAGGGCTAATTCACCCCTCCACTTT;CASSVRDRANSPLHF
384;39;81;TGTGCCAGCAGCGACGGGACAGGGGGCGACGAGCAGTACTTC;CASSDGTGGDEQYF
385;36;81;TGTGCCAGCAGGGGACAGATCTCTGGGGCCAACGTCCTGACTTTC;CASRGQISGANVLTF
386;33;81;TGTGCCAGCAGCCAAGCTCTAGAGAGCTCCTACAATGAGCAGTTCTTC;CASSQALESSYNEQFF
387;45;81;TGCAGCGTTCAGTCAGGGCCAGAGACCCAGTACTTC;CSVQSGPETQYF
388;30;81;TGTGCCAGCAGCCAAGATGGGCTAGCGGGTAACACCGGGGAGCTGTTTTTT;CASSQDGLAGNTGELFF
389;39;81;TGTGCCAGCCGGGGGGCTTTGAACACCGGGGAGCTGTTTTTT;CASRGALNTGELFF
390;36;81;TGTGCCAGCAGTGAGGGACTCTATAGCTACTATGGCTACACCTTC;CASSEGLYSYYGYTF
391;39;81;TGTGCCAGCAGCCTCCGAGGAACTGGAAACACCATATATTTT;CASSLRGTGNTIYF
392;39;81;TGTGCCAGCAGCTTACCGGGACAGAACACTGAAGCTTTCTTT;CASSLPGQNTEAFF
393;45;81;TGTGCCAGCAGTTTGGGAGGGTACGAGCAGTACTTC;CASSLGGYEQYF
394;54;81;TGCCCCATTGAGCACGAGCAGTACTTC;CPIEHEQYF
395;33;81;TGCGCCAGCAGCCAAGTTATGACTTCAAGCTCCTACGAGCAGTACTTC;CASSQVMTSSSYEQYF
396;42;81;TGTGCCAGCAGTGAGCAGGCACCCTATGGCTACACCTTC;CASSEQAPYGYTF
397;36;81;TGCAGTGCTAGAGATCTTGACGGGGGCCACACTGAAGCTTTCTTT;CSARDLDGGHTEAFF
398;42;81;TGCGCCAGCAGCCAGGGACGAGATCAGCCCCAGCATTTT;CASSQGRDQPQHF
399;36;81;TGCGCCAGCAGCCTGGAAGGGAGGGGGTCTGTTGGCTACACCTTC;CASSLEGRGSVGYTF
400;45;81;TGTGCCAGCAGCTCGAGCGGGAACGAGCAGTTCTTC;CASSSSGNEQFF
401;45;81;TGTGCCAGCAGCCAAAGGCCCGGGGAGCTGTTTTTT;CASSQRPGELFF
402;39;81;TGTGCCAGCAGTGGGTTAGGGGCGACTCAGCCCCAGCATTTT;CASSGLGATQPQHF
403;39;81;TGTGCCAGCAGTTACTCGAGGATAGACTATGGCTACACCTTC;CASSYSRIDYGYTF
404;39;81;TGTGCCAGCAGTTCACAGGGGGCAGGGCAGCCCCAGCATTTT;CASSSQGAGQPQHF
405;36;81;TGTGCCAGCAGTGTAAATCCGGGCGGAACCTACGAGCAGTACTTC;CASSVNPGGTYEQYF
406;30;81;TGTGCCAGCAGTTACAAGGCGAGTCGGCCTTCTAATTCACCCCTCCACTTT;CASSYKASRPSNSPLHF
407;33;81;TGTGCCAGCAGGGCCGGGACAGGGGATAGCAATCAGCCCCAGCATTTT;CASRAGTGDSNQPQHF
408;33;81;TGCAGCGTTGAAGATCCCGGGGCAAGCTCCTACAATGAGCAGTTCTTC;CSVEDPGASSYNEQFF
409;36;81;TGTGCCAGCAGCCAAGATCTCGCACTGGGAAACACCATATATTTT;CASSQDLALGNTIYF
410;39;81;TGCGCCAGCAGTCTCACGGCGGTTGGAAACACCATATATTTT;CASSLTAVGNTIYF
411;45;81;TGTGCCAGCAGTTTTTCCGGGACTAGCCCGTTCTTC;CASSFSGTSPFF
412;42;81;TGTGCCTCGCGGCGGACAGGCCAATACGAGCAGTACTTC;CASRRTGQYEQYF
413;36;81;TGTGCCAGCAGCCCCGGGGCAGGGAAAGGATCACCCCTCCACTTT;CASSPGAGKGSPLHF
414;36;81;TGTGCCAGCAGTTTAAGGGTTATCCCTTGCAACACCATATATTTT;CASSLRVIPCNTIYF
415;36;81;TGTGCCAGCAGTTACTCCCAGGGGGAGGATCAGCCCCAGCATTTT;CASSYSQGEDQPQHF
416;39;81;TGTGCCAGCAGCCCGGGGATCTATAATTCACCCCTCCACTTT;CASSPGIYNSPLHF
417;33;81;TGTGCCACCAGCAGAGATCCAGGGGCAACTAATGAAAAACTGTTTTTT;CATSRDPGATNEKLFF
418;42;81;TGCGCCAGCAGCAACTATGGAGACTATGGCTACACCTTC;CASSNYGDYGYTF
419;36;81;TGCGCCAGCAGCCAAGATTCAGGGTTTTCCTACGAGCAGTACTTC;CASSQDSGFSYEQYF
420;36;81;TGCGCCAGCAGCCCACGGGGGCTGAACACCGGGGAGCTGTTTTTT;CASSPRGLNTGELFF
421;33;81;TGTGCCAGCAGCTTAACGCCTACATCTTACCCCTATGGCTACACCTTC;CASSLTPTSYPYGYTF
422;39;81;TGCGCCAGCAGCCAAGAAAAAGACACCGGGGAGCTGTTTTTT;CASSQEKDTGELFF
423;39;81;TGTGCCACCGATGAAGGGTCCGCCACAGATACGCAGTATTTT;CATDEGSATDTQYF
424;45;81;TGTGCCAGCAGCTTTCGTCCCGGGGAGCTGTTTTTT;CASSFRPGELFF
425;36;81;TGTGCCAGCAGTCCCCCCCAGGGGGGGAGGGAAAAACTGTTTTTT;CASSPPQGGREKLFF
426;36;81;TGTGCCAGCAGTGAGGGGAGCGGGGGGATAAATGAGCAGTTCTTC;CASSEGSGGINEQFF
427;36;81;TGTGCCAGCAGTAAACTAGCGGGGGGTACCTACGAGCAGTACTTC;CASSKLAGGTYEQYF
428;33;81;TGTGCCAGCAGTTACAACGGACAGGGGAGGTACAATGAGCAGTTCTTC;CASSYNGQGRYNEQFF
429;36;81;TGTGCCAGCAGCCGGAGGGAGGCAGGGTATTCACCCCTCCACTTT;CASSRREAGYSPLHF
430;42;81;TGTGCCTGGAGTGTCACAAAGAACACTGAAGCTTTCTTT;CAWSVTKNTEAFF
431;39;81;TGTGCCAGCAAGTCCGTACAAACCACCGGGGAGCTGTTTTTT;CASKSVQTTGELFF
432;33;81;TGTGCCAGCAGCTTAGCGTCAACAGGGGGTCGAACTGAAGCTTTCTTT;CASSLASTGGRTEAFF
433;36;81;TGTGCCAGCACTCGGAAATTAGCGGGGACCGACGAGCAGTACTTC;CASTRKLAGTDEQYF
434;36;81;TGTGCCAGCCGTAGCGGGGGGGCAGTCGGTGAGACCCAGTACTTC;CASRSGGAVGETQYF
435;39;81;TGTGCCAGCAGTTCACAGGGGGCAGGGCAGCCCCAGCATTTT;CASSSQGAGQPQHF
436;45;81;TGTGCCAGCACCTTTCCCCAAGGTACGCAGTATTTT;CASTFPQGTQYF
437;33;81;TGCGCCAGCAGCCTCATGACTAGCGGGGGCCAAGAGACCCAGTACTTC;CASSLMTSGGQETQYF
438;33;81;TGTGCCAGCAGTCCATCCCTCGGGGCCAGGGCGGCCGAGCAGTACTTC;CASSPSLGARAAEQYF
439;42;81;TGTGCCAGCACTCCTTCGGCCTCCTACGAGCAGTACTTC;CASTPSASYEQYF
440;33;81;TGTGCCAGCAGCGCAAGGGGATTACAGGACGCAGCTGAAGCTTTCTTT;CASSARGLQDAAEAFF
441;42;81;TGTGCCAGCAAAGGTTCAGGGTTGGTTGGGGCTTTCTTT;CASKGSGLVGAFF
442;42;81;TGTGCCAGCAGCTTGGTTCCAGGGGAGACCCAGTACTTC;CASSLVPGETQYF
443;42;81;TGCAGTGCTAGGACAGGGCTGAACACTGAAGCTTTCTTT;CSARTGLNTEAFF
444;39;81;TGTGCCAGCAGCTTAGTACTAAGCCCATACGAGCAGTACTTC;CASSLVLSPYEQYF
445;36;81;TGCGCCAGCAGCCAAGATCTCCTAGGCGGTTCACCCCTCCACTTT;CASSQDLLGGSPLHF
446;36;81;TGTGCCAGCAGCCAAGGGCACGGGTCCCAAGAGACCCAGTACTTC;CASSQGHGSQETQYF
447;42;81;TGTGCCAGCAGCCAAGTCAGAACCGGGGAGCTGTTTTTT;CASSQVRTGELFF
448;36;81;TGTGCCAGCAGCCAAAGATACGGAAATAACTATGGCTACACCTTC;CASSQRYGNNYGYTF
449;45;81;TGTGCCAGCACCTTTCCCCAAGGTACGCAGTATTTT;CASTFPQGTQYF
450;45;81;TGCAGTGCTAAAAGGGGGTACACTGAAGCTTTCTTT;CSAKRGYTEAFF
451;39;81;TGTGCCAGCAGCGTCTTGGCGGGGGGGCATGAGCAGTTCTTC;CASSVLAGGHEQFF
452;30;81;TGCGCCAGCAGCCAAGAAAGGCTCAGGGGATTTAGTCAGCCCCAGCATTTT;CASSQERLRGFSQPQHF
453;30;81;TGTGCCAGCAGCGTAGGAGGTAGTGGGTCATCGGGAAACACCATATATTTT;CASSVGGSGSSGNTIYF
454;30;81;TGTGCCAGCAGTTATGATCCGAGGGGCTATAGCAATCAGCCCCAGCATTTT;CASSYDPRGYSNQPQHF
455;21;81;TGTGCCAGCAGCTTGTCCCCGGACAGGGATCCGCTATCCTATAATTCACCCCTCCACTTT;CASSLSPDRDPLSYNSPLHF
456;39;81;TGTGCCAGCAGAGCCGGGACAGGGGTACTAGAGCAGTACTTC;CASRAGTGVLEQYF
457;39;81;TGCAGTGCTCGACCGGTGCCGAACACCGGGGAGCTGTTTTTT;CSARPVPNTGELFF
458;33;81;TGTGCCAGTAGTATCGCGACAGGGGTCGGGGGCAATGAGCAGTTCTTC;CASSIATGVGGNEQFF
459;36;81;TGTGCCAGCAGCCAAGATACCGGGCCTAGAAACACCATATATTTT;CASSQDTGPRNTIYF
460;30;81;TGTGCCAGCAGCTCTGGGGCTAGCGGGGCCGCGAGAGAGACCCAGTACTTC;CASSSGASGAARETQYF
461;42;81;TGTGCCATCAGTGTAGGAGGGGGCACTGAGCAGTTCTTC;CAISVGGGTEQFF
462;39;81;TGTGCCAGCAGTCGCAGGGGTTCCAATCAGCCCCAGCATTTT;CASSRRGSNQPQHF
463;33;81;TGTGCCAGCAGCTTTAAACAAACGGCGGGGAAAGAGACCCAGTACTTC;CASSFKQTAGKETQYF
464;33;81;TGTGCCAGCAGCCGACGGGGGGGACCTAGCACAGATACGCAGTATTTT;CASSRRGGPSTDTQYF
465;45;81;TGTGCCAGCAGTCGGGAAAACACTGAAGCTTTCTTT;CASSRENTEAFF
466;39;81;TGTGCCAGCAGTTACGTCCGGGGGCGGGATACGCAGTATTTT;CASSYVRGRDTQYF
467;36;81;TGTGCCAGCAGGTTGGACAGTGGGACGAACTATGGCTACACCTTC;CASRLDSGTNYGYTF
468;36;81;TGTGCCAGCAGTACCTACAGGCCGGGGGACTATGGCTACACCTTC;CASSTYRPGDYGYTF
469;39;81;TGTGCCAGCAGCTTGGGTCGGTACACAGATACGCAGTATTTT;CASSLGRYTDTQYF
470;39;81;TGCGCCAGCAGCTTGGCGGGGCCTCAATACGAGCAGTACTTC;CASSLAGPQYEQYF
471;36;81;TGTGCCAGCACCCTGGGGCGCCTGAACTCCTACGAGCAGTACTTC;CASTLGRLNSYEQYF
472;42;81;TGTGCCAGCAGTACAGGGGAGGGAACTGAAGCTTTCTTT;CASSTGEGTEAFF
473;42;81;TGTGCCAGCAGCTTACGGGCGGAAGAGACCCAGTACTTC;CASSLRAEETQYF
474;42;81;TGTGCCAGCAAGGCTAGCGGGGACCACGAGCAGTACTTC;CASKASGDHEQYF
475;36;81;TGTGCCAGCAGTTTATCTACAGGGAACAATCAGCCCCAGCATTTT;CASSLSTGNNQPQHF
476;24;81;TGTGCCAGCACCTCGGGGCCATCTGGGGTTAACCCAATGAACACTGAAGCTTTCTTT;CASTSGPSGVNPMNTEAFF
477;45;81;TGTGCCAGCAGTTTTTCCGGGACTAGCCCGTTCTTC;CASSFSGTSPFF
478;45;81;TGTGCCAGCAGCCAAGGGCCGCGCGAGCAGTACTTC;CASSQGPREQYF
479;33;81;TGCGCCAGCAGCCTGAGCGGGGGCCGTCGCACAGATACGCAGTATTTT;CASSLSGGRRTDTQYF
480;27;81;TGTGCCAGCAGTTACGCCCGCTTGGCGGGGGGGATGGACAATGAGCAGTTCTTC;CASSYARLAGGMDNEQFF
481;39;81;TGTGCCAGCAACCAACAGGGGGCGGGCACTGAAGCTTTCTTT;CASNQQGAGTEAFF
482;42;81;TGTGCCAGCAGCCCTCGGTCGAATCAGCCCCAGCATTTT;CASSPRSNQPQHF
483;42;81;TGTGCCAGTGGCCCGACAGGGCCCTACGAGCAGTACTTC;CASGPTGPYEQYF
484;39;81;TGTGCCAGCAGCGATAATTCGGCTAACTATGGCTACACCTTC;CASSDNSANYGYTF
485;45;81;TGTGCCAGCAGTTACGGGGGAGCCGGCTACACCTTC;CASSYGGAGYTF
486;45;81;TGTGCCAGCAGTTTACAGGGTTACACCATATATTTT;CASSLQGYTIYF
487;45;81;TGTGCCAGCAGCCAAAATAATTCACCCCTCCACTTT;CASSQNNSPLHF
488;39;81;TGTGCCACCTTACCGACAGGGGGAGGGTACGAGCAGTACTTC;CATLPTGGGYEQYF
489;39;81;TGTGCCAGCAGTGCGGGGGACAGACACTACGAGCAGTACTTC;CASSAGDRHYEQYF
490;36;81;TGTGCCAGCAGTTACTCGCAGAAGCTCCAAGAGACCCAGTACTTC;CASSYSQKLQETQYF
491;42;81;TGTGCCAGCAGTTACCAAAACACAGATACGCAGTATTTT;CASSYQNTDTQYF
492;51;81;TGCAGTGCTAGAGTTGGCAGGTTGTTCTTC;CSARVGRLFF
493;36;81;TGTGCCAGCAGCTTGAGACAGGCCGGCGCCTACGAGCAGTACTTC;CASSLRQAGAYEQYF
494;42;81;TGTGCCAGCAGCGGGACACTCCTGGGTGAGCAGTACTTC;CASSGTLLGEQYF
495;36;81;TGCAGTGCTAGAGATACCTCCGGGGCCTACTATGGCTACACCTTC;CSARDTSGAYYGYTF
496;27;81;TGTGCCAGCAGTTCACAGGGACAGGGGAAGGGTTGGAATTCACCCCTCCACTTT;CASSSQGQGKGWNSPLHF
497;36;81;TGTGCCAGCAGCCGCGGGACAGGGGGCTCCTACGAGCAGTACTTC;CASSRGTGGSYEQYF
498;42;81;TGTGCCAGCAGCCAAGATAGGGATCAGCCCCAGCATTTT;CASSQDRDQPQHF
499;33;81;TGTGCCAGCTCACCACTTCTAGAGACCTCCTACAATGAGCAGTTCTTC;CASSPLLETSYNEQFF
500;45;81;TGTGCCAGCAGTTTTTCCGGGACTAGCCCGTTCTTC;CASSFSGTSPFF
501;45;81;TGTGCCAGCAGTCCTACCAATCAGCCCCAGCATTTT;CASSPTNQPQHF
502;45;81;TGTGCCAGCAGCCCGCAGGGGGATGGCTACACCTTC;CASSPQGDGYTF
503;39;81;TGTGCCAGCAGTCCAAGTCCAGGGAACTATGGCTACACCTTC;CASSPSPGNYGYTF
504;39;81;TGTGCCAGCAGTTCACAGGGGGCAGGACAGCCCCAGCATTTT;CASSSQGAGQPQHF
505;18;81;TGTGCCAGCAGCTTATTGGACAGGGCATACATCGGGAGCTCCTATAATTCACCCCTCCACTTT;CASSLLDRAYIGSSYNSPLHF
506;39;81;TGTGCCAGCAGCTATTATACAGGGAACACTGAAGCTTTCTTT;CASSYYTGNTEAFF
507;39;81;TGCGCCAGCAGCTCGGGACAGGGGGCGCTTGGCTACACCTTC;CASSSGQGALGYTF
508;39;81;TGTGCCTGGAGTCGGGTTAGCGGGGGGGATGAGCAGTTCTTC;CAWSRVSGGDEQFF
509;36;81;TGTGCCAGCAGCTTGTCAGGGGTTATGAACACTGAAGCTTTCTTT;CASSLSGVMNTEAFF
510;42;81;TGTGCCAGCAGCTTCACAAACCAAGAGACCCAGTACTTC;CASSFTNQETQYF
511;42;81;TGTGCCAGCAGAAAGGGGGCCAAGACTGAAGCTTTCTTT;CASRKGAKTEAFF
512;36;81;TGTGCCAGCAGCCAAGATCGGGGGGCTGGAAACACCATATATTTT;CASSQDRGAGNTIYF
513;36;81;TGCAGTGCTAGGAGGGCAGGGATTCCTGGAAACACCATATATTTT;CSARRAGIPGNTIYF
514;42;81;TGTGCCAGCAGCTTAGGGGTTACCACTGAAGCTTTCTTT;CASSLGVTTEAFF
515;48;81;TGCAGCATCGTCCGTCAAGGAAAACTGTTTTTT;CSIVRQGKLFF
516;42;81;TGTGCCATCAGTGAAACAGGGGAAGGGGAGCTGTTTTTT;CAISETGEGELFF
517;36;81;TGTGCCAGCAGCGTAGCCCTAGGTGAGCTGGATGAGCAGTTCTTC;CASSVALGELDEQFF
518;36;81;TGTGCCAGCAGTGCGGGGACAGGGAATAATTCACCCCTCCACTTT;CASSAGTGNNSPLHF
519;45;81;TGTGCCAGCAGCTTGTCTCAGACTGAAGCTTTCTTT;CASSLSQTEAFF
520;48;81;TGTGCCAGCAGCCGGGGTGAAAAACTGTTTTTT;CASSRGEKLFF
521;39;81;TGTGCCAGCAGACCGACAGGGAGGAATCAGCCCCAGCATTTT;CASRPTGRNQPQHF
522;39;81;TGTGCCAGCAGTTCACAGGGGGCAGGACAGCCCCAGCATTTT;CASSSQGAGQPQHF
523;48;81;TGTGCCAGCAGCGTGACAGATACGCAGTATTTT;CASSVTDTQYF
524;36;81;TGTGCCAGCAGTTACTCGAGGCCGGGGGGGGAAAAACTGTTTTTT;CASSYSRPGGEKLFF
525;33;81;TGTGCCAGCAGCTCACAAGAACAGGGGGCAGTCGGTGGCTACACCTTC;CASSSQEQGAVGGYTF
526;39;81;TGCAGCGTTGAAGATCTCGGGGTGAACACTGAAGCTTTCTTT;CSVEDLGVNTEAFF
527;21;81;TGTGCCATCAGTGAGTCGATGGGACAGGGCGTACGAGTCCTTAACTATGGCTACACCTTC;CAISESMGQGVRVLNYGYTF
528;27;81;TGTGCCAGCAGCAAATACCCCGGGACAGGGGGCTCTAATTCACCCCTCCACTTT;CASSKYPGTGGSNSPLHF
529;36;81;TGTGCCAGCAGCCATCTGGGGGCAACTAATGAAAAACTGTTTTTT;CASSHLGATNEKLFF
530;36;81;TGCAGTGCTAGAAATGACCGAGGCTCCTACAATGAGCAGTTCTTC;CSARNDRGSYNEQFF
531;42;81;TGTGCCAGCTCACCAGGCCAGGACACTGAAGCTTTCTTT;CASSPGQDTEAFF
532;42;81;TGTGCCAGCAGTTACTCGACCCTTGGGGGCTACACCTTC;CASSYSTLGGYTF
533;42;81;TGTGCCAGCGTCTGGACGGAAAGCTACGAGCAGTACTTC;CASVWTESYEQYF
534;45;81;TGCGCCAGCAGCTTAGGGAACTATGGCTACACCTTC;CASSLGNYGYTF
535;36;81;TGTGCCAGCAGCGCACAGCCGGGACAGGCCTACGAGCAGTACTTC;CASSAQPGQAYEQYF
536;36;81;TGTGCCAGCAGCCAAGGGGCACAAATTTACAATGAGCAGTTCTTC;CASSQGAQIYNEQFF
537;27;81;TGCAGTGCTAGTTCCCGGACAGGGGGCGTAAAAGGGGCCAACGTCCTGACTTTC;CSASSRTGGVKGANVLTF
538;45;81;TGTGCCAGCAGTTTTTCCGGGACTAGCCCGTTCTTC;CASSFSGTSPFF
539;39;81;TGTGCCAGCAGCGTAGAAGGAGACTCCTACGAGCAGTACTTC;CASSVEGDSYEQYF
540;45;81;TGTGCCTGGGAAAGGAAGGGCAACGAGCAGTACTTC;CAWERKGNEQYF
541;30;81;TGTGCCAGCAGCGAGGGACAGGCATACTCTGGGGCCAACGTCCTGACTTTC;CASSEGQAYSGANVLTF
542;39;81;TGTGCCAGCAGTGATCAAGCGGGGGGTGTGGCCCAGTACTTC;CASSDQAGGVAQYF
543;36;81;TGTGCCACCAGTGACCGCGAGGGTAGAATGGAGACCCAGTACTTC;CATSDREGRMETQYF
544;36;81;TGTGCCACCAGTGATTTGGGGGGGGACCAAGAGACCCAGTACTTC;CATSDLGGDQETQYF
545;36;81;TGTGCCAGCAGTTACTCGAGATCCGGTTCGGATACGCAGTATTTT;CASSYSRSGSDTQYF
546;33;81;TGCGCCAGCAGCCAAGAGGTGACTAGCGGAATTTACGAGCAGTACTTC;CASSQEVTSGIYEQYF
547;27;81;TGTGCCACCAGCAGAGATACTCCCGGGGGCGGGGTCGACGAGACCCAGTACTTC;CATSRDTPGGGVDETQYF
548;42;81;TGTGCCAGCAGACGACAGGGGGACTATGGCTACACCTTC;CASRRQGDYGYTF
549;39;81;TGCAGTGCAATAACAGGGGGCGCGGATCAGCCCCAGCATTTT;CSAITGGADQPQHF
550;33;81;TGTGCCAGCAAGAGTTCCGAGACAGGGCTCAATCAGCCCCAGCATTTT;CASKSSETGLNQPQHF
551;33;81;TGCGCCAGCAGCTTGGGGTTGGTACGGACCCAAGAGACCCAGTACTTC;CASSLGLVRTQETQYF
552;42;81;TGTGCCAGTAGTATACGACAGGGGGCCGCGAAGTATTTT;CASSIRQGAAKYF
553;36;81;TGTGCCAGCAGCGTAGGGACTAGCGGAGCAGATACGCAGTATTTT;CASSVGTSGADTQYF
554;33;81;TGCAGTGCTAGAGATCCCCCGGGACAGGGGAACAATGAGCAGTTCTTC;CSARDPPGQGNNEQFF
555;39;81;TGTGCCAGCAGCAAAGGTCCCAGTCCCGGCGAGCAGTACTTC;CASSKGPSPGEQYF
556;42;81;TGTGCCAGCAGCCAAGGGGGGAGCTATGGCTACACCTTC;CASSQGGSYGYTF
557;36;81;TGTGCCAGCAGCTTAGTCCGGGGATATCAAGAGACCCAGTACTTC;CASSLVRGYQETQYF
558;45;81;TGTGCCAGCAGTTTTTCCGGGACTAGCCCGTTCTTC;CASSFSGTSPFF
559;39;81;TGTGCCAGCAGTTCCCAGGGGGGGAACTATGGCTACACCTTC;CASSSQGGNYGYTF
560;39;81;TGTGCCAGCAGCCACACGGGCGCGGGCACTGAAGCTTTCTTT;CASSHTGAGTEAFF
561;39;81;TGTGCCAGCAGTCCCCTGGGACAGGCGACTGAAGCTTTCTTT;CASSPLGQATEAFF
562;30;81;TGTGCCAGCTCACCATCGAGACAGTCTAGTGGGGATCAGCCCCAGCATTTT;CASSPSRQSSGDQPQHF
563;39;81;TGTGCCAGCGGAAGGGGTTGGACTAATGAAAAACTGTTTTTT;CASGRGWTNEKLFF
564;39;81;TGCAGTGCTAGAGAGGGGGCGGATAATTCACCCCTCCACTTT;CSAREGADNSPLHF
565;33;81;TGTGCCAGCAGGAAGCAGGGGGATTTTGCTGGAAACACCATATATTTT;CASRKQGDFAGNTIYF
566;39;81;TGTGCCCTCCCGGGACTAGCCGACACCGGGGAGCTGTTTTTT;CALPGLADTGELFF
567;39;81;TGTGCCTGGAGTAAGGGCGAGGGGGAAGAGACCCAGTACTTC;CAWSKGEGEETQYF
568;36;81;TGTGCCAGCAGACGGGGGGGAGGAAACACAGATACGCAGTATTTT;CASRRGGGNTDTQYF
569;42;81;TGTGCCAGCAGCCCTAACAGGCGGACTGAAGCTTTCTTT;CASSPNRRTEAFF
570;42;81;TGTGCCAGCAGCAGGTCCCTGAACACTGAAGCTTTCTTT;CASSRSLNTEAFF
571;36;81;TGTGCCAGCAGCCAATACAGGAGGGTTGAGGAGACCCAGTACTTC;CASSQYRRVEETQYF
572;30;81;TGTGCCAGCAGCTCTGGGGCTAGCGGGGCCGCGAGAGAGACCCAGTACTTC;CASSSGASGAARETQYF
573;36;81;TGCAGTGCTAGATTCGCGGGGTGGGCCTACAATGAGCAGTTCTTC;CSARFAGWAYNEQFF
574;48;81;TGTGCCAGCAGCTCAGCCTACGAGCAGTACTTC;CASSSAYEQYF
575;42;81;TGTGCCAGTAGTCTAACTAGCGGCTACGAGCAGTACTTC;CASSLTSGYEQYF
576;42;81;TGTGCCAGCAGTTTGGGGCAGGGCCCTGAAGCTTTCTTT;CASSLGQGPEAFF
577;39;81;TGTGCCAGCAGCCGGGACAGAGACTCCTACGAGCAGTACTTC;CASSRDRDSYEQYF
578;39;81;TGTGCCAGCAGCTTAGGGACAGATAATTCACCCCTCCACTTT;CASSLGTDNSPLHF
579;39;81;TGTGCCAGCAGCTTATTTTCCCGGGGGGAGACCCAGTACTTC;CASSLFSRGETQYF
580;39;81;TGTGCCAGCAGCTCGACTAGGCCCACAGATACGCAGTATTTT;CASSSTRPTDTQYF
581;39;81;TGTGCCAGCAGGAGGACAGCCTGGAATGAAAAACTGTTTTTT;CASRRTAWNEKLFF
582;;;;
583;18;81;TGTGCCAGCAGTTTGGCAGGGAGCTTTAGGAAGGTCGTCCCTAGCACAGATACGCAGTATTTT;CASSLAGSFRKVVPSTDTQYF
584;36;81;TGTGCCAGCTCCGTCGGGGCAGGGGGCAACTATGGCTACACCTTC;CASSVGAGGNYGYTF
585;33;81;TGTGCCAGCAGCTGGCTAGGCGGGGATATCTCCTACGAGCAGTACTTC;CASSWLGGDISYEQYF
586;39;81;TGCGCCAGCAGCCAAGCGGGGAGCTCCTACGAGCAGTACTTC;CASSQAGSSYEQYF
587;39;81;TGTGCCAGCAGTTCACAGGGGGCAGGACAGCCCCAGCATTTT;CASSSQGAGQPQHF
588;39;81;TGTGCCAACCGTTATTCAGATCAATACAATGAGCAGTTCTTC;CANRYSDQYNEQFF
589;39;81;TGTGCCAGCAGTTACTCCGGACAGTCCTATGGCTACACCTTC;CASSYSGQSYGYTF
590;45;81;TGTGCCAGCAGTCATGGACAGGGCCGAGCTTTCTTT;CASSHGQGRAFF
591;42;81;TGTGCCAGCAGCTTCACAAACCAAGAGACCCAGTACTTC;CASSFTNQETQYF
592;42;81;TGTGCCAGCAGCTTCACAAACCAAGAGACCCAGTACTTC;CASSFTNQETQYF
593;36;81;TGTGCCAGCAGTTTACTAGGGGATTTGGGTCAGCCCCAGCATTTT;CASSLLGDLGQPQHF
594;36;81;TGTGCCAGCAGTTTATTGCAGGACAACACCGGGGAGCTGTTTTTT;CASSLLQDNTGELFF
595;33;81;TGCGCCAGCAGCCAAGAAGAGGGCAGCCTCAATCAGCCCCAGCATTTT;CASSQEEGSLNQPQHF
596;33;81;TGTGCCAGCAGCTTGTCAATAAGACAGGGGAGGCAGACCCAGTACTTC;CASSLSIRQGRQTQYF
597;42;81;TGTGCCAGCAGCTTATTTTCTGGGTATGGCTACACCTTC;CASSLFSGYGYTF
598;42;81;TGCGCCAGCAGCTTGGGTAGCAATCAGCCCCAGCATTTT;CASSLGSNQPQHF
599;42;81;TGCAGTGCCCTGGTGGACGCGGGGACTGAAGCTTTCTTT;CSALVDAGTEAFF
600;42;81;TGTGCCAGCAGTTACTCCCCAATTGTGCCCCAGCATTTT;CASSYSPIVPQHF
601;39;81;TGTGCCAGCAGCAAGCAGGATGGGAACACTGAAGCTTTCTTT;CASSKQDGNTEAFF
602;39;81;TGTGCCAGCAGCCGACAGGGGGGACACTATGGCTACACCTTC;CASSRQGGHYGYTF
603;39;81;TGTGCCAGCAGTGAAGAGGTTGGGGTCTATGGCTACACCTTC;CASSEEVGVYGYTF
604;36;81;TGTGCCAGCTCACCGAATGGACTGACCAAATATGGCTACACCTTC;CASSPNGLTKYGYTF
605;36;81;TGTGCCAGCAGCTTAGATCGGCAGCCTGTCTACGAGCAGTACTTC;CASSLDRQPVYEQYF
606;33;81;TGTGCCAGCTCACCCCTTAGGGGCGTTAACACCGGGGAGCTGTTTTTT;CASSPLRGVNTGELFF
607;33;81;TGTGCCAGCAGTTTAGCGCCCCCAGGCAGTAATCAGCCCCAGCATTTT;CASSLAPPGSNQPQHF
608;33;81;TGTGCCAGCAGCTTATTCTTCTCCCTAGCCACAGATACGCAGTATTTT;CASSLFFSLATDTQYF
609;39;81;TGCGCCAGCAGCCCCTCGGGGTCTAACTATGGCTACACCTTC;CASSPSGSNYGYTF
610;39;81;TGCGCCAGCAGTGACCCGGACCGACCCTACGAGCAGTACTTC;CASSDPDRPYEQYF
611;24;81;TGTGCCAGCAGCCAAGCAGGGCGGGGCGGGGGGGCCTTTAGTAAGACCCAGTACTTC;CASSQAGRGGGAFSKTQYF
612;27;81;TGTGCCAGCAGCCTTAAGATGATGCTAGCGGGGGCTCAAGAGACCCAGTACTTC;CASSLKMMLAGAQETQYF
613;42;81;TGTGCCAGCAGCTTAGGACGGGACTATGGCTACACCTTC;CASSLGRDYGYTF
614;27;81;TGTGCCAGCAGCAAAGGGCATTTTCCGGGCCTCTCTGGAAACACCATATATTTT;CASSKGHFPGLSGNTIYF
615;36;81;TGTGCCAGCAGGGGCGGGCTGGACGTTCGCTACGAGCAGTACTTC;CASRGGLDVRYEQYF
616;51;81;TGCAGTGCCAACTACGATACGCAGTATTTT;CSANYDTQYF
617;33;81;TGTGCCAGCAGTTGGACAGGGAGCTCCTATAATTCACCCCTCCACTTT;CASSWTGSSYNSPLHF
618;33;81;TGTGCCATCAGTGGGAAGGGGCAGGGCTCTGGAAACACCATATATTTT;CAISGKGQGSGNTIYF
619;39;81;TGTGCCTGGAGTCTCGGGACAGCCTTTCAAGGCTACACCTTC;CAWSLGTAFQGYTF
620;51;81;TGTGCCAGCAGCAATCCTGAAGCTTTCTTT;CASSNPEAFF
621;42;81;TGTGCTAGCAGCGTGACGAACACCGGGGAGCTGTTTTTT;CASSVTNTGELFF
622;42;81;TGTGCCAGCAGCCTCACGACTATAGATACGCAGTATTTT;CASSLTTIDTQYF
623;42;81;TGCAGTGCTAATAGACTAGAGAGAGAGACCCAGTACTTC;CSANRLERETQYF
624;36;81;TGCAGTGCTAGTCCTATAGCGGGGAGCTCCTACGAGCAGTACTTC;CSASPIAGSSYEQYF
625;42;81;TGTGCTAGCAGCCTATATCCAGGAGAGACCCAGTACTTC;CASSLYPGETQYF
626;48;81;TGCAGCGCTAGGGGTAACTATGGCTACACCTTC;CSARGNYGYTF
627;42;81;TGTGCCAGTAGTCAGTGGGGGGCCGGGGAGCTGTTTTTT;CASSQWGAGELFF
628;36;81;TGCGCCAGCAGCTTGGACAGGGGTGGTGGTGGCGAGCAGTACTTC;CASSLDRGGGGEQYF
629;36;81;TGTGCCAGCAGCTCCAGCCGACTGGGAACCTATGGCTACACCTTC;CASSSSRLGTYGYTF
630;39;81;TGTGCCAGCAGCCCACGGGGATTCGGTAATACGCAGTATTTT;CASSPRGFGNTQYF
631;39;81;TGTGCCAGCAGCCGGGCGGGGGAGCCAAACATTCAGTACTTC;CASSRAGEPNIQYF
632;39;81;TGTGCCAGCAGTGACTTTGCAGTCGCTAAGGGCTACACCTTC;CASSDFAVAKGYTF
633;27;81;TGCGCCAGCAGCCAAGATCACCGGGCTTACGACAGGCCTTACGAGCAGTACTTC;CASSQDHRAYDRPYEQYF
634;36;81;TGTGCCACCAGCTACAGGAGAGGCTCTGGAAACACCATATATTTT;CATSYRRGSGNTIYF
635;45;81;TGTGCCAGCAGCTTATCGAACTATGGCTACACCTTC;CASSLSNYGYTF
636;45;81;TGTGCCAGTCGGGTTGGACAGTATGGCTACACCTTC;CASRVGQYGYTF
637;45;81;TGTGCCAGCAGCGCACCCACTCCGGAGCAGTACTTC;CASSAPTPEQYF
638;48;81;TGTGCCAGCAGCCTTGGGACAGGGGCGCATTTT;CASSLGTGAHF
639;30;81;TGTGCCAGCAGCGGTAGCGGGGGGGCACGATCTGGCAATGAGCAGTTCTTC;CASSGSGGARSGNEQFF
640;39;81;TGTGCCAGCAGTCGCAGGGGGCTGGGATCACCCCTCCACTTT;CASSRRGLGSPLHF
641;42;81;TGTGCCAGCAGCTTAGGGGATGTGGAAAAACTGTTTTTT;CASSLGDVEKLFF
642;36;81;TGTGCCAGCAGTCCCCTCGCATCCACATTCTACGAGCAGTACTTC;CASSPLASTFYEQYF
643;27;81;TGTGCCAGCAGTCTAACCAAAAGAGAAACAGGTCTACGGAACACCATATATTTT;CASSLTKRETGLRNTIYF
644;21;81;TGTGCCAGCAGCTTAGCCGGAAAAAGGACAGGGCTTACTCAAAACACTGAAGCTTTCTTT;CASSLAGKRTGLTQNTEAFF
645;39;81;TGCGCCAGCAGTCGACAGGTGGAGAACACTGAAGCTTTCTTT;CASSRQVENTEAFF
646;33;81;TGTGCCAGCAGTCCCGGGACAGTTACAACTAATGAAAAACTGTTTTTT;CASSPGTVTTNEKLFF
647;33;81;TGTGCCAGCAGTGAAATGGCGGGGGGCCTTTCCTACGAGCAGTACTTC;CASSEMAGGLSYEQYF
648;33;81;TGTGCCACCAGTGACCCTCGGGACCGAAACACCGGGGAGCTGTTTTTT;CATSDPRDRNTGELFF
649;33;81;TGTGCCACCAGTGATTTGCGGGGATGGGGCCACACTGAAGCTTTCTTT;CATSDLRGWGHTEAFF
650;;;;
651;42;81;TGTGCCAGCAGCTTCACAAACCAAGAGACCCAGTACTTC;CASSFTNQETQYF
652;42;81;TGCAGTGCTAGAGGGGACAGGAGGGAAAAACTGTTTTTT;CSARGDRREKLFF
653;42;81;TGCAGTGCTAGAGTCTCGGAGGATTCTGAAGCTTTCTTT;CSARVSEDSEAFF
654;42;81;TGTGCTAGCAGCGTGACGAACACCGGGGAGCTGTTTTTT;CASSVTNTGELFF
655;36;81;TGCGCCAGCAGCTTGGGACTAGCGTACACCGGGGAGCTGTTTTTT;CASSLGLAYTGELFF
656;36;81;TGTGCCAGCAGCGTTACAGGGGGTGATAATTCACCCCTCCACTTT;CASSVTGGDNSPLHF
657;42;81;TGTGCCAGCAGTGAAGCGGAGGACTACGAGCAGTACTTC;CASSEAEDYEQYF
658;42;81;TGTGCCAGCAGTGAGAGGGGCCCCTACGAGCAGTACTTC;CASSERGPYEQYF
659;39;81;TGTGCCAGCAGCTTAGCCCATGGAGACAATGAGCAGTTCTTC;CASSLAHGDNEQFF
660;39;81;TGTGCCACCAGCAGAGATCGGGTAGGCGAAAAACTGTTTTTT;CATSRDRVGEKLFF
661;42;81;TGTGCCAGGGTTCTCGCGGATAACTATGGCTACACCTTC;CARVLADNYGYTF
662;42;81;TGTGCCAGCAGCCAAGAGACTAGGGATCGAGCTTTCTTT;CASSQETRDRAFF
663;27;81;TGTGCCAGCAGCACTCACTCCGGACTAGCGGGGAAACCCTACGAGCAGTACTTC;CASSTHSGLAGKPYEQYF
664;33;81;TGTGCCAGCAGCCAAGGCCGAGGGGGCCGGGCAGATACGCAGTATTTT;CASSQGRGGRADTQYF
665;45;81;TGTGCCAGCAGCTTAGCGATCGATGGAGCTTTCTTT;CASSLAIDGAFF
666;39;81;TGTGCCAGCAGCCCCGGGAACGGGCGCTACGAGCAGTACTTC;CASSPGNGRYEQYF
667;39;81;TGTGCCAGCAGTCGGGCTAGCAGTAGGGAGACCCAGTACTTC;CASSRASSRETQYF
668;42;81;TGTGCCAGCAGCGGACAGATCTCCTACGAGCAGTACTTC;CASSGQISYEQYF
669;36;81;TGTGCCAGCAGTTTAAATCGGGCCACTTATTCCGAGCAGTACTTC;CASSLNRATYSEQYF
670;39;81;TGCGCCAGCAGCAGGAGCGGGGGGGCCGGGGAGCTGTTTTTT;CASSRSGGAGELFF
671;39;81;TGCGCCAGCAGCCGCGGACAGGGGGCTCTTCATGCTTTCTTT;CASSRGQGALHAFF
672;33;81;TGTGCCAGCACCCATCCTGGGACTCCATCCTACAATGAGCAGTTCTTC;CASTHPGTPSYNEQFF
673;33;81;TGTGCCAGCAGTTACTCACCGCGGGAGTTGACAGATACGCAGTATTTT;CASSYSPRELTDTQYF
674;42;81;TGTGCCAGCAGCTTAGGGAGCAATCAGCCCCAGCATTTT;CASSLGSNQPQHF
675;42;81;TGTGCCAGCAGGCTTTACAGCCAAGAGACCCAGTACTTC;CASRLYSQETQYF
676;42;81;TGTGCCAGCAGTCGGACAGGCTACAATGAGCAGTTCTTC;CASSRTGYNEQFF
677;42;81;TGTGCCAGCAGCCTTTACAGGGTTGGAGGCTACACCTTC;CASSLYRVGGYTF
678;30;81;TGTGCCAGCAGTGACAGGGGGCCTGAGGAGAGCAATCAGCCCCAGCATTTT;CASSDRGPEESNQPQHF
679;42;81;TGCAGTGCTAGAGCACAAACCAAAAACATTCAGTACTTC;CSARAQTKNIQYF
680;48;81;TGTGCCAGCAGCCTCGGGGGCGGCTACACCTTC;CASSLGGGYTF
681;42;81;TGCGCCAGCAGTGAGTCTAGGGGCTTTGGCTACACCTTC;CASSESRGFGYTF
682;42;81;TGTGCCAGTAGTAGAGGCGGGGCCAACGTCCTGACTTTC;CASSRGGANVLTF
683;42;81;TGTGCCAGCTCGGCTACAGGGCTAGACGAGCAGTACTTC;CASSATGLDEQYF
684;42;81;TGTGCCAGCAGTTACTGGAAAAATCAGCCCCAGCATTTT;CASSYWKNQPQHF
685;33;81;TGCAGTGCCCGGTTAGACAGGGAGTATAGCAATCAGCCCCAGCATTTT;CSARLDREYSNQPQHF
686;39;81;TGTGCCAGCACCGGATGGGGGGCGGATACTGAAGCTTTCTTT;CASTGWGADTEAFF
687;39;81;TGTGCCAGCAGCTCCCGGGGCGGGAATTCACCCCTCCACTTT;CASSSRGGNSPLHF
688;39;81;TGTGCCAGCAGTGAAGCGGTTAGGGACTATGGCTACACCTTC;CASSEAVRDYGYTF
689;42;81;TGTGCCAGCAGCCAAGGGACGCGCACTGAAGCTTTCTTT;CASSQGTRTEAFF
690;42;81;TGCGCCAGCAGCCAGACAGGATCTCCTGAAGCTTTCTTT;CASSQTGSPEAFF
691;36;81;TGTGCCAGCAGCTTGTACGGGACAGGCAATCAGCCCCAGCATTTT;CASSLYGTGNQPQHF
692;36;81;TGTGCCAGCAGCTTAAGGCAGGGGGCCGGAGGGGAGCTGTTTTTT;CASSLRQGAGGELFF
693;36;81;TGTGCCGGATCGTCGGAGCAGGCCAGGGGCAATGAGCAGTTCTTC;CAGSSEQARGNEQFF
694;24;81;TGTGCCAGCAGCTTAGCGCGAAGTCCAGTGGGCGTTGGTGGAAACACCATATATTTT;CASSLARSPVGVGGNTIYF
695;30;81;TGTGCCAGCAGCTCTGGGGCTAGCGGGGCCGCGAGAGAGACCCAGTACTTC;CASSSGASGAARETQYF
696;36;81;TGTGCCAGCAGCTCTGGGGACAGGGGGCCGGGCGAGCAGTACTTC;CASSSGDRGPGEQYF
697;45;81;TGTGCCAGCAGCTCGGACTCCTACGAGCAGTACTTC;CASSSDSYEQYF
698;45;81;TGTGCCAGCAGAGACAGGTCCTACGAGCAGTACTTC;CASRDRSYEQYF
699;39;81;TGTGCCAGCAGCCTCCGGGACAGGGAGGAAAAACTGTTTTTT;CASSLRDREEKLFF
700;39;81;TGTGCCATCAGTGAGCAAGGACAGAACACTGAAGCTTTCTTT;CAISEQGQNTEAFF
701;45;81;TGTGCCAGCAGTTACGGGGGAGCCGGCTACACCTTC;CASSYGGAGYTF
702;27;81;TGTGCCAGCAGCCTACCCCCGGGGCAACAACCGACATACAATGAAGCTTTCTTT;CASSLPPGQQPTYNEAFF
703;36;81;TGTGCCAGCAGTGGAGGACAGGAGTGGAGTGACACCATATATTTT;CASSGGQEWSDTIYF
704;36;81;TGTGCCAGCAGCCAGCGGGGGAGCTCCTACAATGAGCAGTTCTTC;CASSQRGSSYNEQFF
705;36;81;TGTGCCAGCAGTATGGACAGTTCTTACACCGGGGAGCTGTTTTTT;CASSMDSSYTGELFF
706;33;81;TGCGCCAGCAGCCAAGAGGGCGACGGAAGCTCCTACGAGCAGTACTTC;CASSQEGDGSSYEQYF
707;33;81;TGCGCCAGCAGCCAGGGGACAGGCTCTGGGGCCAACGTCCTGACTTTC;CASSQGTGSGANVLTF
708;33;81;TGTGCCAGCAGCCTCCCCGACAGGTATAGCACAGATACGCAGTATTTT;CASSLPDRYSTDTQYF
709;27;81;TGTGCCAGCAGCCGCGCCTTTTATAGCGGGGGGGCAGCGGATGAGCAGTTCTTC;CASSRAFYSGGAADEQFF
710;30;81;TGTGCCAGCAGTGAAGGCGCCACAATATCCCGCACCGGGGAGCTGTTTTTT;CASSEGATISRTGELFF
711;30;81;TGTGCCAGCAGTTACGCCACGACAGGGATTAGGCCCGGGGAGCTGTTTTTT;CASSYATTGIRPGELFF
712;30;81;TGTGCCAGCTCACTATACGAGACCACAGGGTCTGGAAACACCATATATTTT;CASSLYETTGSGNTIYF
713;39;81;TGTGCCAGCAGCTCCTGGGACACCTCCTACGAGCAGTACTTC;CASSSWDTSYEQYF
714;39;81;TGTGCCAGCAGCTTGGGCAGGGGTGATTCACCCCTCCACTTT;CASSLGRGDSPLHF
715;39;81;TGCGCCAGCAGCTTGGGGGGTAGCAATCAGCCCCAGCATTTT;CASSLGGSNQPQHF
716;33;81;TGTGCCAGCACCTTCTCTCCCGGGACAGGGATCTACGAGCAGTACTTC;CASTFSPGTGIYEQYF
717;33;81;TGTGCCAGCAGTTTATCCCGGACAGGGTCCCGCTACGAGCAGTACTTC;CASSLSRTGSRYEQYF
718;33;81;TGTGCCAGCACTCTTCGGGGGACAGTAAACACCGGGGAGCTGTTTTTT;CASTLRGTVNTGELFF
719;39;81;TGTGCCAGCAGCCCAACATCGAACACCGGGGAGCTGTTTTTT;CASSPTSNTGELFF
720;42;81;TGTGCCACCCGAGGATGGGGGCAAGAGACCCAGTACTTC;CATRGWGQETQYF
721;42;81;TGTGCCAGCAGGACAGGGTTCTCCTACGAGCAGTACTTC;CASRTGFSYEQYF
722;42;81;TGTGCCAGCAGTCAGGGAATTTGGAATGAGCAGTTCTTC;CASSQGIWNEQFF
723;42;81;TGTGCCAGCAGTTCAACTAGCGGCTACGAGCAGTACTTC;CASSSTSGYEQYF
724;42;81;TGCGCCAGCAGCTTGACAGGGGGCACTGAAGCTTTCTTT;CASSLTGGTEAFF
725;30;81;TGTGCCAGCAGCTTCGGACAGGGACCAGGAACTAATGAAAAACTGTTTTTT;CASSFGQGPGTNEKLFF
726;36;81;TGCAGTGCTACAGGGGGATTTTATAGCAATCAGCCCCAGCATTTT;CSATGGFYSNQPQHF
727;33;81;TGTGCCAGCAGCCAACCCTCGGGACTAGGGGCCTACGAGCAGTACTTC;CASSQPSGLGAYEQYF
728;33;81;TGTGCCAGCAGCCAAGATCCAGGGGATCGGGATTCACCCCTCCACTTT;CASSQDPGDRDSPLHF
729;42;81;TGTGCCAGCAGCTTACAGGGAGGGCAGCCCCAGCATTTT;CASSLQGGQPQHF
730;42;81;TGTGCCATCAGGGGGGACAGGAGCTATGGCTACACCTTC;CAIRGDRSYGYTF
731;42;81;TGCAGCGTTCACGAGGGGGGCACAGATACGCAGTATTTT;CSVHEGGTDTQYF
732;36;81;TGCGCCAGCAGCTTGGGTAGGACTCTCTCCCAAGAGCAGTACTTC;CASSLGRTLSQEQYF
733;42;81;TGTGCCAGCAGTTACTCAAGCACCTATGGCTACACCTTC;CASSYSSTYGYTF
734;39;81;TGTGCCAGCTCACCGCAGGGCCCAAACACTGAAGCTTTCTTT;CASSPQGPNTEAFF
735;39;81;TGTGCCAGCAGCTACCCCTGGGAGGGCTACGAGCAGTACTTC;CASSYPWEGYEQYF
736;39;81;TGTGCCACCAGCATCAGGGAACTCCATTCACCCCTCCACTTT;CATSIRELHSPLHF
737;39;81;TGTGCCAGCAGCTTAGGGACAGGGGACTATGGCTACACCTTC;CASSLGTGDYGYTF
738;42;81;TGCGCCAGCAGCCAAGATTCGGGGAACGAGCAGTACTTC;CASSQDSGNEQYF
739;36;81;TGTGCCAGCTCACCAGTGGACAGGGCTAACTATGGCTACACCTTC;CASSPVDRANYGYTF
740;36;81;TGTGCCAGCAGCACGGGACTAGCGGGGGAAGAGACCCAGTACTTC;CASSTGLAGEETQYF
741;36;81;TGTGCCAGCAGCCCCCAGGGGAATGTAAACACTGAAGCTTTCTTT;CASSPQGNVNTEAFF
742;;;;
743;48;81;TGTGCCAGCACCGACACCTACGAGCAGTACTTC;CASTDTYEQYF
744;33;81;TGTGCCAGCAGCCCAGCCTCTCGGGGGGCAGGGGAGACCCAGTACTTC;CASSPASRGAGETQYF
745;33;81;TGTGCCAGCAGCCCCCTCGAGGGCTCTGGGGCCAACGTCCTGACTTTC;CASSPLEGSGANVLTF
746;33;81;TGTGCCAGCAGCTTAAGGTGGGGCCGCGTAGGTGAGACCCAGTACTTC;CASSLRWGRVGETQYF
747;33;81;TGTGCCAGCAGCTTAGGGGGTTCAGGGTCCCTTAGCGAGCAGTACTTC;CASSLGGSGSLSEQYF
748;39;81;TGTGCCACCAGTCTTCGGCAGGGGAACGGGGAGCTGTTTTTT;CATSLRQGNGELFF
749;45;81;TGTGCCAGCAGCTTTGGTCCCGGGGAGCTGTTTTTT;CASSFGPGELFF
750;45;81;TGTGCCACCCTAGGGCCTACCGGGGAGCTGTTTTTT;CATLGPTGELFF
751;45;81;TGTGCCAGCAGTTACGGAGGGGGCGAGCAGTACTTC;CASSYGGGEQYF
752;45;81;TGTGCCAGCAGCTTAATTTCAAACACCATATATTTT;CASSLISNTIYF
753;45;81;TGTGCCAGCAGCTTAATTTCAAACACCATATATTTT;CASSLISNTIYF
754;39;81;TGTGCCAGCAGCGTAGTCTCACAGGGCGGGGAGCTGTTTTTT;CASSVVSQGGELFF
755;30;81;TGTGCCAGCAGCCAAGATACGGCAGGGGGTAGCAATCAGCCCCAGCATTTT;CASSQDTAGGSNQPQHF
756;39;81;TGTGCCAGCAGTTATTCGCAGGGGATTCAGCCCCAGCATTTT;CASSYSQGIQPQHF
757;45;81;TGTGCCAGCAGTTTTTCCGGGACTAGCCCGTTCTTC;CASSFSGTSPFF
758;45;81;TGTGCCAGCACCTTTCCCCAAGGTACGCAGTATTTT;CASTFPQGTQYF
759;36;81;TGCGCCAGCAGGGTAACAGGGGCTAGCTCCTACGAGCAGTACTTC;CASRVTGASSYEQYF
760;27;81;TGTGCTAGTGGTTTGGTACGAAGGACAGGCGGTTCCGTTGAAAAACTGTTTTTT;CASGLVRRTGGSVEKLFF
761;27;81;TGTGCCAGCAGCATCGCCGGGACAGGGGGCTACGGAACCGGGGAGCTGTTTTTT;CASSIAGTGGYGTGELFF
762;27;81;TGTGCCAGCAGCGTAGAGGGCGGGGGCGCCAGCTCCTACAATGAGCAGTTCTTC;CASSVEGGGASSYNEQFF
763;36;81;TGTGCCAGCAGTGAATTAGGATCCCCTTCCTACGAGCAGTACTTC;CASSELGSPSYEQYF
764;36;81;TGTGCCAACTCCTGGAGTTGGACGAACACCGGGGAGCTGTTTTTT;CANSWSWTNTGELFF
765;36;81;TGTGCCAGCAGCCAAGCTAGGCCTGGGGCCAACGTCCTGACTTTC;CASSQARPGANVLTF
766;36;81;TGTGCCAGCAGTACTAGCCGGTTGGGGACAGATACGCAGTATTTT;CASSTSRLGTDTQYF
767;30;81;TGTGCCAGCAGTGACGGGACAGGGGGCCTAAGGACCGGGGAGCTGTTTTTT;CASSDGTGGLRTGELFF
768;42;81;TGTGCCAGCAGCCTACAGAGTCAAGAGACCCAGTACTTC;CASSLQSQETQYF
769;42;81;TGTGCCAGCAGTTTCTATCTGAACACTGAAGCTTTCTTT;CASSFYLNTEAFF
770;39;81;TGTGCCAGCAGCGTGGGACACGCTAACTATGGCTACACCTTC;CASSVGHANYGYTF
771;39;81;TGTGCCAGTAGTATGGGACAGGGTCCTTATGGCTACACCTTC;CASSMGQGPYGYTF
772;39;81;TGCAGTGCTAGATCTCCTCGGGACAGCTACGAGCAGTACTTC;CSARSPRDSYEQYF
773;39;81;TGCAGCGTTGTCGTGGGCAGCCACACAGATACGCAGTATTTT;CSVVVGSHTDTQYF
774;39;81;TGTGCCAGCAACCAACAGGGGGCGGGCACTGAAGCTTTCTTT;CASNQQGAGTEAFF
775;33;81;TGTGCCAGCAGTGACCTACTTAGCGGGGGCACAGATACGCAGTATTTT;CASSDLLSGGTDTQYF
776;39;81;TGTGCCAGCAGTTCACAGGGGGCAGGACAGCCCCAGCATTTT;CASSSQGAGQPQHF
777;36;81;TGTGCCAGCAGCTTGTTTCAGGGGCCCACCGGGGAGCTGTTTTTT;CASSLFQGPTGELFF
778;42;81;TGTGCCAGCAGCCGAGACCGAAACTACGAGCAGTACTTC;CASSRDRNYEQYF
779;42;81;TGTGCCAGCAGCTTAGGGCGGGAAAACATTCAGTACTTC;CASSLGRENIQYF
780;42;81;TGTGCCAGCAGTGGGAGCGGCAATCAGCCCCAGCATTTT;CASSGSGNQPQHF
781;42;81;TGTGCCAGCGGCCGGGGGGCTCGTCAGCCCCAGCATTTT;CASGRGARQPQHF
782;42;81;TGCGCCAGCAGCTTGACAGGGGAGGGTCCCCAGCATTTT;CASSLTGEGPQHF
783;36;81;TGTGCCAGCAGCCATTTTAAACTAGCTATTGGGGAGCAGTTCTTC;CASSHFKLAIGEQFF
784;36;81;TGTGCCAGTAGCGAAGACAGGGGGCAGGGCTATGGCTACACCTTC;CASSEDRGQGYGYTF
785;36;81;TGCAGTGCTAGCCTCTTCCCGGGGTTACTTTATGGCTACACCTTC;CSASLFPGLLYGYTF
786;30;81;TGTGCCAGCAGCTCTGGGGCTAGCGGGGCCGCGAGAGAGACCCAGTACTTC;CASSSGASGAARETQYF
787;42;81;TGTGCCAGCAGCCTTGCTAGCACAGATACGCAGTATTTT;CASSLASTDTQYF
788;36;81;TGCGCCAGCAGCCGTGCCGGGACAAACTCCTACGAGCAGTACTTC;CASSRAGTNSYEQYF
789;36;81;TGCGCCAGCAGCTTGGCCCGGGGAGCGGGCTACGAGCAGTACTTC;CASSLARGAGYEQYF
790;42;81;TGTGCCAGCTCACCGAACAGTAACACTGAAGCTTTCTTT;CASSPNSNTEAFF
791;42;81;TGTGCCAGCAGGAGACAGGGAAACTATGGCTACACCTTC;CASRRQGNYGYTF
792;42;81;TGTGCCAGCAGGCGATGGGGTGACAATGAGCAGTTCTTC;CASRRWGDNEQFF
793;39;81;TGTGCCACTTCCGGGACTTATAGCACAGATACGCAGTATTTT;CATSGTYSTDTQYF
794;42;81;TGTGCCAGCAGCCGAGGACAGGGTTACGAGCAGTACTTC;CASSRGQGYEQYF
795;42;81;TGTGCCAGCAGTTTATCGGGCCACTCTGAAGCTTTCTTT;CASSLSGHSEAFF
796;42;81;TGTGCCAGCGCCCACAGGGGGCCTGATGGCTACACCTTC;CASAHRGPDGYTF
797;42;81;TGTGCCAGCAGTTTAACACAGCGCGCGCAGCAGTACTTC;CASSLTQRAQQYF
798;27;81;TGTGCCAGTAGTATAGATCGGCAGGGTGGCCTTAGCAATCAGCCCCAGCATTTT;CASSIDRQGGLSNQPQHF
799;36;81;TGTGCCAGCAGCTCCCAAGGAGCGGGGGGTGAGACCCAGTACTTC;CASSSQGAGGETQYF
800;36;81;TGTGCCAGCAGCTTAGGCCACAGTAAAAAGTACGAGCAGTACTTC;CASSLGHSKKYEQYF
801;36;81;TGTGCCAGCAGCGTTCTTCGGGGCGCGAACACTGAAGCTTTCTTT;CASSVLRGANTEAFF
802;33;81;TGTGCCAGCTCCTTCCAGGGGAAGAGGGTCTACAATGAGCAGTTCTTC;CASSFQGKRVYNEQFF
803;30;81;TGTGCCAGCAGCCCGAGGGGGGTCCAGCAAATTGCCTACGAGCAGTACTTC;CASSPRGVQQIAYEQYF
804;33;81;TGTGCCAGCAGTTCGAGGGCAGGGGACAATATTTACGAGCAGTACTTC;CASSSRAGDNIYEQYF
805;33;81;TGTGCCAGCAGCAGTCCCGGGACATTTCGGGGCTATGGCTACACCTTC;CASSSPGTFRGYGYTF
806;45;81;TGTGCCAGCAGCGGGGACGGAGTGGTAGCTTTCTTT;CASSGDGVVAFF
807;45;81;TGTGCCAGCAGCGCACCCACTCCGGAGCAGTACTTC;CASSAPTPEQYF
808;45;81;TGTGCCAGCCGACAGACGCAATACGAGCAGTACTTC;CASRQTQYEQYF
809;39;81;TGTGCCAGCAGCGTCTTCGGTTCGGCCGGGGAGCTGTTTTTT;CASSVFGSAGELFF
810;39;81;TGTGCCAGCAGACTTGACAGGGGGCGGGAGACCCAGTACTTC;CASRLDRGRETQYF
811;48;81;TGTGCCAGCAGTACCAGGTACGAGCAGTACTTC;CASSTRYEQYF
812;39;81;TGTGCCAGCAGTTCACAGGGGGCAGGGCAGCCCCAGCATTTT;CASSSQGAGQPQHF
813;39;81;TGTGCCACCAAAAGTAGCGGGGGGACCCACGAGCAGTACTTC;CATKSSGGTHEQYF
814;39;81;TGTGCCAGCAGTTATTCGCAGGGGATTCAGCCCCAGCATTTT;CASSYSQGIQPQHF
815;39;81;TGCGCCAGCAGTGATGACAGAAGCAATCAGCCCCAGCATTTT;CASSDDRSNQPQHF
816;45;81;TGCGCCAGCAGCCCCCCTAACACTGAAGCTTTCTTT;CASSPPNTEAFF
817;21;81;TGTGCCAGCAGCCAAGACTCCGGGACTAGCGGATCAGATTCCTACAATGAGCAGTTCTTC;CASSQDSGTSGSDSYNEQFF
818;42;81;TGTGCTAGCAGCGTGACGAACACCGGGGAGCTGTTTTTT;CASSVTNTGELFF
819;27;81;TGTGCCAGCAGCTTAGGCTCGGGTACAGGGGGCCGCACAGATACGCAGTATTTT;CASSLGSGTGGRTDTQYF
820;36;81;TGTGCCAGCGGCAGTGCAGTCTCTGGGGCCAACGTCCTGACTTTC;CASGSAVSGANVLTF
821;36;81;TGTGCCAGCAGTGCCGGGACAGGGGGATCCTACGAGCAGTACTTC;CASSAGTGGSYEQYF
822;36;81;TGTGCCAGCAGTTTAGCCGACAGGGTTTTCAACGAGCAGTACTTC;CASSLADRVFNEQYF
823;36;81;TGTGCCAGCAGTTATTTCGGGGGTGGCACCGGGGAGCTGTTTTTT;CASSYFGGGTGELFF
824;36;81;TGTGCCAGCAGTGAGCATTCCATTTCCATGCAGCCCCAGCATTTT;CASSEHSISMQPQHF
825;36;81;TGTGCCAGCAGTGTAGGGACAGGGCCTAACTATGGCTACACCTTC;CASSVGTGPNYGYTF
826;30;81;TGTGCCAGTATGCGGTCGGTCGGAAGCTCCTATAATTCACCCCTCCACTTT;CASMRSVGSSYNSPLHF
827;30;81;TGTGCCAGCAGTTTCGAAGCGCCGGGACCCCGGTACCTCGAGCAGTACTTC;CASSFEAPGPRYLEQYF
828;39;81;TGTGCCAGCTCGGGGACAGGGTATTCCCCTGAAGCTTTCTTT;CASSGTGYSPEAFF
829;39;81;TGTGCCAGCAGCCGGGGAAGCCGCACAGATACGCAGTATTTT;CASSRGSRTDTQYF
830;39;81;TGTGCCAGTAGTATCGGGGATGACACCTATGGCTACACCTTC;CASSIGDDTYGYTF
831;39;81;TGCAGTGCTAGACGGGGAGAAGGATCGCGGGGAGCTTTCTTT;CSARRGEGSRGAFF
832;39;81;TGCGCCAGCAGCTTGGGGAGTAGCGGGGAGACCCAGTACTTC;CASSLGSSGETQYF
833;39;81;TGTGCCGTCGAAGCGCTCCGGGGGAATGAAAAACTGTTTTTT;CAVEALRGNEKLFF
834;48;81;AGTAGGGAGGGTGGGGGCACTGAAGCTTTCTTT;SREGGGTEAFF
835;33;81;TGTGCCATCAGTGAGGACTTAGGGCGGGTGAACACTGAAGCTTTCTTT;CAISEDLGRVNTEAFF
836;33;81;TGTGCCAGCAGCTTAGGGACGACAGGGCGTAGATACGAGCAGTACTTC;CASSLGTTGRRYEQYF
837;33;81;TGTGCCAGCAGTTCCCTAGACAGGCAAGGGGACTACGAGCAGTACTTC;CASSSLDRQGDYEQYF
838;33;81;TGTGCCAGCAGTTTAGGCAGGGGCCCTATGAATGAAAAACTGTTTTTT;CASSLGRGPMNEKLFF
839;33;81;TGTGCCAGTAGTATAGCCCCAGGGGGGAACACCGGGGAGCTGTTTTTT;CASSIAPGGNTGELFF
840;33;81;TGTGCCAGTAGTATAGGCGCAGGAGCCCCTTACAATGAGCAGTTCTTC;CASSIGAGAPYNEQFF
841;33;81;TGTGCCAGCAGCTTTACCCGACTAGCCGTAAAAGAGACCCAGTACTTC;CASSFTRLAVKETQYF
842;42;81;TGTGCTAGCAGCGTGACGAACACCGGGGAGCTGTTTTTT;CASSVTNTGELFF
843;42;81;TGTGCTAGCAGCGTGACGAACACCGGGGAGCTGTTTTTT;CASSVTNTGELFF
844;42;81;TGTGCCAGCAGTGTTGGATTGAACACTGAAGCTTTCTTT;CASSVGLNTEAFF
845;30;81;TGTGCCAGCAGCTTAGTAACGGAAGACAGGGGGCCATATGGCTACACCTTC;CASSLVTEDRGPYGYTF
846;36;81;TGTGCCAGTAGGTCGGGAACATCTGAGCCATCTGAAGCTTTCTTT;CASRSGTSEPSEAFF
847;36;81;TGTGCCAGTAGTAACCCCAACAGGGTGAACACTGAAGCTTTCTTT;CASSNPNRVNTEAFF
848;36;81;TGTGCCAGTAGTAACCCCGGGACAGACCAAGAGACCCAGTACTTC;CASSNPGTDQETQYF
849;36;81;TGCAGTGCGCCTTCCACCGGGACAGGGAGCTACGGCTACACCTTC;CSAPSTGTGSYGYTF
850;48;81;TGTGCCAGCAGAGTACTCAATGAGCAGTTCTTC;CASRVLNEQFF
851;42;81;TGTGCTAGCAGCGTGACGAACACCGGGGAGCTGTTTTTT;CASSVTNTGELFF
852;48;81;TGTGCCAGCAGTCTCAGCGGAGAGCAGTACTTC;CASSLSGEQYF
853;42;81;TGTGCCAGTAGTATCAGGGAGGTCGATGGCTACACCTTC;CASSIREVDGYTF
854;42;81;TGTGCCAGTTGGGACAGGGGAAGGAATGAGCAGTTCTTC;CASWDRGRNEQFF
855;42;81;TGCAGCGCCCGGACAGGAGCTAACTATGGCTACACCTTC;CSARTGANYGYTF
856;36;81;TGCAGCGCAACGGGACAGGGAGGATTGAGCTATGGCTACACCTTC;CSATGQGGLSYGYTF
857;36;81;TGCGCCAGCAGCGGCGGGGGCCTCGACACCGGGGAGCTGTTTTTT;CASSGGGLDTGELFF
858;36;81;TGCGCCAGCAGCTTGGGCACAGGGGACAATTCACCCCTCCACTTT;CASSLGTGDNSPLHF
859;36;81;TGTGCCAGCAGCGTAGGGGGGGCTTCTGGAAACACCATATATTTT;CASSVGGASGNTIYF
860;42;81;TGTGCCAGCTCACCAATCGAGTATGAAAAACTGTTTTTT;CASSPIEYEKLFF
861;42;81;TGTGCCAGCACGTTTACATTCAATCAGCCCCAGCATTTT;CASTFTFNQPQHF
862;42;81;TGTGCCAGCAGTTACTCAGTGATAGATACGCAGTATTTT;CASSYSVIDTQYF
863;42;81;TGTGCCAGCAGTTACTGGAAAAATCAGCCCCAGCATTTT;CASSYWKNQPQHF
864;42;81;TGTGCCAGCAGTTACCCGGAAACCGGGGAGCTGTTTTTT;CASSYPETGELFF
865;33;81;TGCAGTGCTAGACCCTATAACTCGGGACAGGTGGATGAACTGTTTTTT;CSARPYNSGQVDELFF
866;33;81;TGCAGTGCTAGAGATCACCAGGGCCTAGTCTACAATGAGCAGTTCTTC;CSARDHQGLVYNEQFF
867;39;81;TGTGCCAGCAGTTTTCGACAGGACCGTTACGGCTACACCTTC;CASSFRQDRYGYTF
868;39;81;TGTGCCAGCACCCAAGCCATAGGGGGGTACGAGCAGTACTTC;CASTQAIGGYEQYF
869;39;81;TGTGCCAGCAGCCCGGGGATCTATAATTCACCCCTCCACTTT;CASSPGIYNSPLHF
870;39;81;TGTGCCAGCACCGGGGCGGACACTAACTATGGCTACACCTTC;CASTGADTNYGYTF
871;39;81;TGTGCCAGCAGCTTCTCTACCGGGTCCTACGAGCAGTACTTC;CASSFSTGSYEQYF
872;39;81;TGTGCCAGCAGCTTAGTCGTGGCATACACTGAAGCTTTCTTT;CASSLVVAYTEAFF
873;39;81;TGTGCCAGCATCACCGGGCCCCCTGACACTGAAGCTTTCTTT;CASITGPPDTEAFF
874;42;81;TGTGCCAGCAGAAGGGGACAGGGCTACGAGCAGTACTTC;CASRRGQGYEQYF
875;42;81;TGTGCCAGCAGTTTCTCGGGATCTCAGCCCCAGCATTTT;CASSFSGSQPQHF
876;42;81;TGTGCCAGCAGCCGTAGACAGGGGAACGGCTACACCTTC;CASSRRQGNGYTF
877;36;81;TGCGCCAGCAGCCCGGGACAGGGTGGGACAGATACGCAGTATTTT;CASSPGQGGTDTQYF
878;42;81;TGTGCCAGCAGCCAGGGAGCCTACAATGAGCAGTTCTTC;CASSQGAYNEQFF
879;42;81;TGTGCCAGCAGCCCGGGAGCCACCGGGGAGCTGTTTTTT;CASSPGATGELFF
880;36;81;TGCGCCAGCAGCCAAGACCCAGGCCCACTCTACGAGCAGTACTTC;CASSQDPGPLYEQYF
881;36;81;TGCGCCAGCAGCCAAGGGGCTAGCCGGGGGGAGACCCAGTACTTC;CASSQGASRGETQYF
882;36;81;TGTGCCAGCTCACCTTTCTGGACAGGGGATGGGACCCAGTACTTC;CASSPFWTGDGTQYF
883;36;81;TGTGCCAGCTCATCGGACAGTTCGAGCTCCTACGAGCAGTACTTC;CASSSDSSSSYEQYF
884;27;81;TGTGCCAGCAGCCAAGATCATGGACAGGGGGCGCGAATCTATGGCTACACCTTC;CASSQDHGQGARIYGYTF
885;36;81;TGTGCCAGCAGTCGGTCCGGGGGCTCCTACAATGAGCAGTTCTTC;CASSRSGGSYNEQFF
886;36;81;TGTGCCAGCAGCATCAGGGGGAGCTCCTACAATGAGCAGTTCTTC;CASSIRGSSYNEQFF
887;36;81;TGTGCCAGCAGCTTAGGGGTTGGTGGAGCCTACGAGCAGTACTTC;CASSLGVGGAYEQYF
888;36;81;TGTGCCAGCAGCTCGACGGATTCAGCTCAAGAGACCCAGTACTTC;CASSSTDSAQETQYF
889;36;81;TGTGCCAGCAGCTTAACTGGTGGGGGCACAGATACGCAGTATTTT;CASSLTGGGTDTQYF
890;36;81;TGTGCCAGCAGCTTGAGGTCCAGCGAAAACACTGAAGCTTTCTTT;CASSLRSSENTEAFF
891;36;81;TGTGCCAGCAGTAAGCGGGGCAGTAACACCGGGGAGCTGTTTTTT;CASSKRGSNTGELFF
892;30;81;TGTGCCAGCAGCTCTGGGGCTAGCGGGGCCGCGAGAGAGACCCAGTACTTC;CASSSGASGAARETQYF
893;48;81;TGTGCCACCCGTTGGAACACTGAAGCTTTCTTT;CATRWNTEAFF
894;33;81;TGTGCCAGCAGCTTACGAGGGGGAGGCAGCAATCAGCCCCAGCATTTT;CASSLRGGGSNQPQHF
895;39;81;TGTGCCACCAGGGGAGGGGGCGCGGGGAATGAGCAGTTCTTC;CATRGGGAGNEQFF
896;45;81;TGTGCCATCAGTGAGCAGGGAGGGACCCAGTACTTC;CAISEQGGTQYF
897;45;81;TGTGCCAGCAGTTACGGGGGAGCCGGCTACACCTTC;CASSYGGAGYTF
898;45;81;TGCAGTGCTAGACTGGGAGCCTACGAGCAGTACTTC;CSARLGAYEQYF
899;45;81;TGCAGCGCCGGGGGCGAGGCCTATGGCTACACCTTC;CSAGGEAYGYTF
900;39;81;TGTGCCAGCAGCCCCCAGGGACATCACAATGAGCAGTTCTTC;CASSPQGHHNEQFF
901;39;81;TGTGCCAGCAGTTACTCGGGGGGCGGGCAGCCCCAGCATTTT;CASSYSGGGQPQHF
902;39;81;TGTGCCAGCAGTGCGGGGGACAGACACTACGAGCAGTACTTC;CASSAGDRHYEQYF
903;39;81;TGTGCCAGCAGTGAGAACGCCGAGGGAGGTGGCTACACCTTC;CASSENAEGGGYTF
904;39;81;TGTGCCAGCAACCAACAGGGGGCGGGCACTGAAGCTTTCTTT;CASNQQGAGTEAFF
905;39;81;TGTGCCAGCAGTTCACAGGGGGCAGGGCAGCCCCAGCATTTT;CASSSQGAGQPQHF
906;45;81;TGTGCCAGCAGTTTCCCGACGGTACGCTACACCTTC;CASSFPTVRYTF
907;36;81;TGTGCCATCACTAAGTCTCTGACGGACAGCTACGAGCAGTACTTC;CAITKSLTDSYEQYF
908;36;81;TGTGCCAACCACTCTGACAGGAGCTCCTACAATGAGCAGTTCTTC;CANHSDRSSYNEQFF
909;36;81;TGTGCCAGCAGGCGGGGACACTCCAAGGAACAGCCCCAGCATTTT;CASRRGHSKEQPQHF
910;36;81;TGTGCCACCAGTGATCCCGGTCCTGGGGCCAACGTCCTGACTTTC;CATSDPGPGANVLTF
911;36;81;TGTGCCACCAGTGATTTGGGACAGGGGTACAATGAGCAGTTCTTC;CATSDLGQGYNEQFF
912;36;81;TGCGCCAGCAGCCCCGGGGGGTTGAGTGGAAACACCATATATTTT;CASSPGGLSGNTIYF
913;36;81;TGTGCCAGCAGCCCAACCGCCAGGGACCCCTATGGCTACACCTTC;CASSPTARDPYGYTF
914;36;81;TGTGCCAGTGCACCGGGACAACTAAACACCGGGGAGCTGTTTTTT;CASAPGQLNTGELFF
915;30;81;TGTGCCAGCAGTTTATCTAGACCAGGGACTTATAATTCACCCCTCCACTTT;CASSLSRPGTYNSPLHF
916;33;81;TGTGCCAGCAGCTTACTGGGACAGGGGTCGGGCACTGAAGCTTTCTTT;CASSLLGQGSGTEAFF
917;33;81;TGTGCCAGCAGCTTGGCTCTCACAGGGGTAGTCTACGAGCAGTACTTC;CASSLALTGVVYEQYF
918;33;81;TGTGCCAGCAGTTTAGCCGCGGGGGGCCACACAGATACGCAGTATTTT;CASSLAAGGHTDTQYF
919;30;81;TGTGCCAGCAGTTACATTAGGGGGGGGGCCCCCACCGGGGAGCTGTTTTTT;CASSYIRGGAPTGELFF
920;42;81;TGTGCCAGCACGTTTACATTCAATCAGCCCCAGCATTTT;CASTFTFNQPQHF
921;42;81;TGTGCCAGCAGTTACCAAAACACAGATACGCAGTATTTT;CASSYQNTDTQYF
922;39;81;TGTGCCAGCAGCCCGGGGATCTATAATTCACCCCTCCACTTT;CASSPGIYNSPLHF
923;39;81;TGCGCCAGCAGCGCGACAGCCCAAACCTACGAGCAGTACTTC;CASSATAQTYEQYF
924;33;81;TGTGCCACCAGCAGAGACACGACAGCAAACACCTATGGCTACACCTTC;CATSRDTTANTYGYTF
925;33;81;TGTGCCAGCAGTGATCCAACGCGGCCTACTAACTATGGCTACACCTTC;CASSDPTRPTNYGYTF
926;33;81;TGTGCCAGTACCTCCAGGGCGGACAGGGCTAACTCACCCCTCCACTTT;CASTSRADRANSPLHF
927;33;81;TGTGCCAGTAGTATGCGTTTAACGCAGACTAATTCACCCCTCCACTTT;CASSMRLTQTNSPLHF
928;15;81;TGCGCCAGCAGCCAAGATCTGAGACCGCGTGACACGTTAAGCTCCTATAATTCACCCCTCCACTTT;CASSQDLRPRDTLSSYNSPLHF
929;33;81;TGTGCCAGCAGCGTTCAAGGACTAGCGGGGGGTGAGACCCAGTACTTC;CASSVQGLAGGETQYF
